,Tweets,Cluster
0,"""Pode-se divergir de algumas atitudes, algumas palavras, mas não se pode acusá-lo de agir contra a ordem democrática. E aí está a 1ª e grande diferença entre ele e Lula: se for ele o eleito, teremos eleições daqui a 4 anos; se, inversamente, for Lula, não saberemos"" Reginaldo C.",negative
1,"O kg do pimentão VERDE custando 11 conto e vcs discutindo eleição de 2026 a mas vai se f*der né? A ansiosa sou eu e VOCÊS discutindo essas coisas? Meu bem eu quero é q Lula seja eleito no domingo pra AÍ SIM eu sonhar em eleições democráticas em 2026. Parem de viajar, porraaaaaaa",negative
2,Cala boca Zema fez campanha com Lula aí teu http://lado.Me pergunto:Por que não colocou o tal coisoskkk,negative
3,"Agora, não se trata mais de PT, AGORA É ACABAR C O GOVERNO BOLSONARO e NÃO DEIXAR O TARCÍSIO E O BOLSONARISMO DESTRUÍREM  SP.  Façam OPOSIÇÃO  ao PT no dia seguinte às  eleições",negative
4,"Alckmin promete porta aberta na Vice-Presidência a prefeitos se Lula vencer
#Eleições #Eleições2022 #GeraldoAlckmin",positive
5,"Lula diz que vai retomar obras do PAC e reafirma que só indicará cargos após as eleições: ""pode acontecer a partir de domingo"" - Brasil 247",positive
6,"pq ele sabe q em 2026 a família bolsonaro estará totalmente fora das eleições, ou até mesmo pr3s0s",positive
7,"Então você está precisando voltar pro ensino fundamental.

Atlas: 

Lula: 50,3%
urna: 48,43%
diferença: 1,87%
Bolso: 41,10%
urna: 43,20
diferença: 2,10

soma do erro = 3,97% 

Paraná: 

L: 47,1%
urna: 48,43%
diferença: 1,33%
B: 40%
urna: 43,20%
diferença: 3,20%

soma = 4,53%",positive
8,"Até na prisão já chegou a notícia que o Bolsonaro virou as eleições.

Não podemos deixar que eles nos derrubem, temos que defender a democracia

Dia 30 é , pelo bem do Brasil ",negative
9,"Lula diz que vai retomar obras do PAC e reafirma que só indicará cargos após as eleições: ""pode acontecer a partir de domingo""",positive
10,TSE suspende site dos 'fiscais' de Bolsonaro nas eleições,positive
11,"Temos um PM q não  interfere nas eleições no Brasil, mas temos o secretário geral do PS q Apoia Lula . Pergunto o seguinte :alguém q seja honesto apoia lula? Alguém acredita que o PM institucionalmente despe a camisola de secretário geral do PS?",negative
12,"Bolsonaro Stalls in Polls After Ally Roberto Jefferson Clashes With Police

#politics #brazil #BrazilianPolitics #eleições #eleições2022 #BrazilianPolitics 
https://bloomberg.com/news/articles/2022-10-24/bolsonaro-stalls-in-poll-as-associate-s-violence-shakes-brazil… by 
@andrewrosati
 @danielcarvalho_
 via 
@Bloomberg",positive
13,"Por essa e outras o ""sistema"" não quer que o Bolsonaro vença essas eleições, porque com o congresso renovado graças a Deus e ao povo, não ficara um desses canalhas para contar historia.",negative
14,"Se ele realmente amasse o país ele não teria se candidatado nessas eleições, pq infelizmente tem mais gente que odeia ele (lula/pt) do que odeia o bozonaro, maaaaaas quem seguiria capaz de vencer esse montro? Foda, bora lulinhaaa",negative
15,"Não seja tão pessimista com a questão das eleições, espero que o Bolsonaro ganhe, além que sabemos que o bem smepre vence o mau.",negative
16,Ela merece nosso respeito; ela ama o Brasil igual a nós; e luta pela democracia igual a nós; que Deus abençoe ela por tudo que está fazendo por nós; vamos ganhar essas eleições com honras e glórias com fé em Deus; Lula é o cara certo; para as horas incertas. VOTE PELO AMOR.,positive
17,"Hj foi dia de levarmos a mensagem do presidente Lula as ruas de São Gonçalo, numa grande carreata ao lado do meu amigo e ex-prefeito de Niterói, 
@_RodrigoNeves_
! 

A receptividade do povo nos encheu de energia p/ seguirmos firmes nestes dias que antecedem as eleições! #Lula13",positive
18,"Não é uma questão de estar ""em campanha por Lula"". É muito mais do que isso: está-se a lutar pela preservação do Estado Democrático de Direito e contra o fascismo. É isso o que Lula (13) representa nestas eleições: A DEFESA DA DEMOCRACIA e a recusa do fascismo.",negative
19,Estava pensando em votar 13 depois dessa estou com medo do Lula roubar meu amor ,positive
20,Tb .. roubando as propagandas nas rádios do Bolsonaro ..,positive
21,"O temor em Brasília com o ""day after"" das eleições

Um dos receios é o de que placar apertado dê munição para Bolsonaro reforçar artilharia contra urnas

Ministros do STF, do TCU, do TSE e generais também têm outras preocupações

Na coluna 
@malugaspar
:",negative
22,"Calma, tudo tem um timing. Não sejamos emocionados, o nosso foco agora é convencer isentão e quem está em dúvida a apoiar Bolsonaro. Todo o resto é pra depois das eleições!!!",positive
23,"CHEGA, já BASTA!! Essas eleições não tem mais legitimidade. A CHAPA LULA DEVE SER CASSADA!!

Alexandre de Moraes PRECISA SER DEPOSTO, julgado e condenado pelos CRIMES ABSURDOS cometidos contra a nação brasileira.",positive
24,"Especialista diz que Lula não vai a debates evitar gafes 

A comentarista Deise da Jovem Pan comentou sobre a fuga de Lula dos debates. Em resumo, a jornalista disse que acredita que não seja uma estratégia para vencer as eleições, mas sim evitar novas gafes do petista.",negative
25,"Seu candidato está mais preocupado em ganhar as eleições ou melhorar o Brasil? 

EU VOTO EM QUEM TEM PLANO DE GOVERNO.

Por isso meu voto é Lula! #LulaPresidente1⃣3⃣ #LulaPresidente2022",positive
26,"Bolsonaro pode até falar palavrões é olha que ele está se policiando mais no tocante a isso, mas NÃO é o cabeça do maior esquema de corrupção do nosso país.  Não foi @jairmessiasbolsonaro
que saiu da cadeia através de uma manobra política para vir concorrer as eleições.",negative
27,A melhor forma pra evitar fraude nestas eleições é colocar #Lula e #Bolsonaro numa sala e aplicar pra ambos a prova do ENEM. Quem tirar a maior nota é eleito. #Eleicao2022,positive
28,"Não existe a possibilidade de Lula ganhar as eleições. Os brasileiros não permitirão em circunstância alguma, mesmo com urnas fraudadas, o Lula será rejeitado pelo pelo Brasil VERDE e AMARELO.
Os Brasileiros não são Comunistas, os Militares não são vermelhos.
Lula está fora.",positive
29,#Lula #Lula2022 #ForaBolsonaro #ForaBozo #BolsonaroGenocida #Eleições #Eleicoes2022,positive
30,Bolsonaro,positive
31," VIRADA? PESQUISAS NOS ESTADOS DO BRASIL MOSTRA CRESCIMENTO DO PRESIDENTE JAIR BOLSONARO EM 15 DELES EM RELAÇÃO AO PRIMEIRO TURNO, JÁ O EX-PRESIDENTE LULA APARECE COM ESTAGNAÇÃO O QUE TERIA BATIDO O SEU TETO. ABSTENÇÕES E REGIÃO SUDESTE SERÁ CRUCIAL PARA DEFINIR AS ELEIÇÕES.",positive
32,"Sejam bem vindos ao plantel que deseja moralizar este país, e sem dúvidas os senhores farão a diferença. Tenho grande admiração por vocês! Meu maior desejo seria o Bolsonaro ganhar as eleições e colocar os dois no STF, só pra ver a cara daqueles marginais!",negative
33,"Só do Lula está disputando essas eleições já é um afronte, a atuação da mídia, da classe ""artística"", apoio dos jovens, olha.. Esse país está condenado.",negative
34,"gente eu tenho um anuncio a fazer durante o ano todo eu sonhei com as eleições e sempre dava um empate entre Lula e Bozo, tanto q no 1º turno deu pro 2º, só q hj sonhei q o Lula ganhava e mto bem até. Então era só isso q eu quis dizer.",negative
35,"As eleições 2022 serão decididas no dia 30 de outubro, último domingo do mês. Lula (PT) e Jair Bolsonaro (PL) disputam o cargo de presidente da República.

https://link.jornalcorporativo.com.br/3FvNCI",positive
36,"passo mal que a tebet foi MTO esperta nessas eleições, conquistou um monte de voto primeiro como terceira via e dps como apoiadora do lula, os esquerdidas de tiktok nem desconfiam que ela eh uma versão feminina do temer",negative
37,"Se o Lula ganhar as eleições eu espero que ele comece a investir em quebrar o Denuvo, pq isso tá prejudicando a pirataria no Brasil.",positive
38,"A esquerda está preparada pra votar em Simone Tebet em 2026 kk? Eu acho real que ela pode ser lançada. Saiu bem dessas eleições e deve ser Ministra do Governo Lula, teria uma candidatura competitiva.",negative
39,"Entregou, Julia. Esse pesadelo nem era pra ter começado. O PT insistiu na fraude q era a possibilidade do Lula ser candidato, e depois insistiu em outra fraude incapaz de ter mais votos q votos brancos na eleição p prefeito. E Ciro transferiu + que 90% dos votos em 2018 p Haddad",negative
40,"Já tô prevendo o primeiro feito do 
@LulaOficial
 aqui em Goiânia quando ganhar as eleições 

Limpar essa poluição visual de adesivos do Bolsonaro pela cidade 

Faz o L 

#ForaBolsonaro #LulaPresidente20221️⃣3️⃣",positive
41,"Vc que nao sabe nem ler uma tabela burro! 9,2 é a distancia entre Lula e Bozo, mas foo a que acertou dentro da margem de erro.",negative
42,"Tarcisio é oq sobrou de bom , e o unico q trara os votos q o Bolsonaro precisa.
O resto são parasitas

Após mandar 'abraço carinhoso', Tarcísio diz que Jefferson tem que 'pagar como criminoso' | Eleições 2022 | O Globo",negative
43,Mulher preta nordestina votando no Bolsonaro em 2018? Parece um depoimento bem verídico! ,negative
44,"Brincadeiras a parte, o ator Jason Momoa declara seu apoio a Lula nas eleições deste ano! Me diz se isso não é um time e tanto pela justiça?

#LulaPresidente13",negative
45,tive um pesadelo que o lula ganhava as eleições,positive
46,TSE determina remoção de site que coletava dados de apoiadores de Bolsonaro para fiscalizar eleições,positive
47,"Ela é contratada pelo PL, o dono é amigo do Bolsonaro e sempreee deu vantagem pra direita, ajustando a pesquisa só no final.",negative
48,"Se tudo é verdade sobre as inserções e o financiamento de fora na campanha do Lula, essas eleições deveriam ser suspensas temporariamente. 
#lula #pt #bolsonaro",positive
49,"Seu desespero mostra quem vai ganhar as eleições. 
Presidente Bolsonaro tem o apoio do povo brasileiro. 
@jairbolsonaro",positive
50,"Ok, msm assim vou no Lula.",neutral
51,"Estou na mesma, minha pequena empresa está sofrendo com a incerteza dessas eleições. Sobrevivemos a pandemia, mas agora não sabemos se sobreviveremos se lula ganhar.",negative
52,Lula na frente,positive
53,"Muitas novidades na Pesquisa Termômetro das Campanhas  (ABRAPEL - Associação Brasileira de Pesquisadores Eleitorais e Ipespe- 36 Anos hoje, além dos votos válidos :

Lula: 50% x 44% Bolsonaro

Qual eleitor tem mais chances de comparecer?!

Veja na live!",positive
54,"gente, Lula nao esta indo a debates pois sabe que vencera as eleicoes, na mao grande, mas vencera...prepare-se Brasil, prepare-se para o que esta vindo por ai...",negative
55,"Lula e Bolsonaro disputam o segundo turno das eleições, que está marcado para o próximo domingo",neutral
56,"Precisamos continuar trabalhando para que o povo vá votar no dia 30, a força do povo brasileiro vai fazer LULA PRESIDENTE DO BRASIL de novo",positive
57,"Tem nada de preocupante, lula vai ganhar e vai ganhar de virada na hora da apuração",positive
58,Judiciário vai votar em Lula? Entenda decisão INÉDITA nas eleições,positive
59,"Só que os caras querem o orçamento secreto. Se Lula combater isso como prometeu, vai levar peia kkkkk",negative
60,"Eu nunca me envolvi em política na vida, mas nesta eleição, estou firme e forte pra tirar Bolsonaro.",positive
61,"Infelizmente o sonho vai virar pesadelo pra ele, depois das eleições Lula vai voltar pra cadeia.",positive
62,Levantamento da Paraná Pesquisas mostra empate técnico entre Lula e Bolsonaro a cinco dias das eleições,positive
63,"#segundoturno #LulaNuncaMais #PenseBem #Eleições #22neles #DependeDeNós #VoteBem 
""Lula indica que MTST terá papel importante em eventual novo governo do PT...""",positive
64,"Na verdade esse é o resultado das eleições para governador, e para o congresso. Enquanto o Lula está fazendo a campanha dele praticamente sozinho, o Bolsonaro está com um verdadeiro batalhão em todas as regiões fazendo a campanha por ele.",positive
65,"Milagrosamente, o Lula saltou de 44 pra 47 na pesquisa deles. Os trouxas, que estão se borrando nas calças, precisam acreditar nessa palhaçada.",positive
66,"Pq o PL partido do bozo, pagou dinheiro pra eles, logo a pesquisa se torna duvidosa, e mesmo assim nela o Lula continua na frente",negative
67,Vc sabia? Bolsonaro fugiu de debates eleitorais e provavelmente irá fugir novamente nas próximas eleições,positive
68,Rádios são acusadas de sabotagem em propagandas de Bolsonaro! “socorro polícia estou sendo roubado”O TSE tem  que investigar e não ameaçar quem denunciou!Quem tem que monitorar inserções para saber se se elas estão sendo feitas dentro da isonomia é o órgão que organiza eleições.,negative
69,Lula 13 ,positive
70,"E no fim, favoreceu o Lula no primeiro turno e botou Bolsonaro 3p pra baixo. E agora?!",neutral
71,"Vai doeruito mais depois do dia 30, lula vai ganhar as eleições, e vcs vão ter que engolir, prepare os copos d'agua!",positive
72,"Lula mantem vantagem as vésperas da eleição, quase. Isso é positivo, mesmo com máquina de mentiras bolsonaristas.",positive
73,"Na reta final das eleições, Paulo Dapé intensifica campanha em prol de ACM Neto e Bolsonaro

Leia mais:

https://queagito.com/na-reta-final-das-eleicoes-paulo-dape-intensifica-campanha-em-prol-de-acm-neto-e-bolsonaro/…

#Queagito #eleições #PauloDapé #ACMNeto #Bolsonaro",positive
74,TSE suspende site dos 'fiscais' de Bolsonaro nas eleições,positive
75,"Tá explicado pq o tse está cancelando todas as verdades sobre a desgraça do pt. Então se o a desgraça do lula ganhar as eleições com xandão quem vai mandar no país é o pcc!!
@Zambelli2210
 que Deus te abençoe e te proteja. Parabéns vc merece mais de 1 milhão de voto.",positive
76,"Eu já fui em uma consulta no médico e ele ficou a consulta inteira falando do lula, e isso foi antes das eleições kkkkkk",negative
77,Cidades onde Lula e Bolsonaro empataram no 1º turno vivem tranquilidade nas ruas e tensão nas redes sociais | Eleições 2022 | G1,neutral
78,"Se o Bolsonaro perder as eleições para o Lula o único responsável será ele mesmo, e será vergonhoso. Afinal como ele mesmo disse em 2018, se ele errasse o PT voltaria.  E tinha razão",positive
79,"Vamos que vamos, vencer com Lula a eleição, pelo bem do povo brasileiro",negative
80,TSE suspende site dos 'fiscais' de Bolsonaro nas eleições,positive
81,"Ô TABLET!!! põe nessa sua cachola uma coisa: quem votou em vc, não qria Bolsonaro e nem Lula, ai vc vai e se alia ao maior bandido que esse país já teve, se torna cúmplice. Seus eleitores estão decepcionados, e não irao te esquecer nas próximas eleições. Pode ter certeza disso.",negative
82,Vocês tão sabendo desse novo golpe da esquerda contra o Brasil? #BolsonaroReeleito #eleicoes #lula,positive
83,"Augusto Nunes, jornalista monetizado da JOVEM PÂNICO, liberou a seguinte informação da ‘mídia que só fala a verdade’ um dia antes das eleições no 1º turno. Diz ele, mãe Dinah, que o bosta do Bolsonaro teria  65 milhões de votos.",neutral
84,"O ator que dá vida ao personagem da DC Comics utilizou seu perfil oficial para declarar apoio ao ex-presidente Lula
#apoio #eleições #política #brasil",positive
85,"""Ainda bem que a natureza criou este mostro chamado coronavirus""
Que disse isso foi vc lula, então admite que vc já perdeu as eleições e não tem como apagar seu passado de ladrão e mentiroso.
#ptnuncamais",negative
86,"Essa aí é a Michele Bolsonaro do PTismo. Mais uma pra ficar na mamata, pro contribuinte ter que sustentar.",negative
87,Vai me dizer que os 'militantes do Lula' são idôneos e insuspeitos para apuração das eleições....do LULA! ,negative
88,Só o Lula pra conseguir fazer a gente voltar pro falecido Face,positive
89,"Vamos esperar as provas da campanha de Bolsonaro sobre as fraudes na veiculação de anúncios.

A gravidade é seríssima e compromete diretamente o resultado das eleições.

A isonomia foi ferida favorável a um candidato, vamos aguardar as provas e ação imediata dos responsáveis.",positive
90,O Plano de Bolsonaro e de Roberto Jefferson Para Sabotar as Eleições,negative
91,"Fica mesmo tranquilo porque depois dessas eleições com Bolsonaro reeleito, nós povo brasileiro vamos exigir a sua prisão, seu ladrão",positive
92,"Vergonha nacional se o Lula ladrão ganhar as eleições, vão ser roubadas, porque é isso que ele sabe fazer.",positive
93,Lula no segundo turno das eleições presidenciais!!,neutral
94,"Ué o Ladrão e seu partido não divulgam nada sobre o que vão fazer no seu governo, isso abre brecha para mim pensar o que bem intender. Se fosse coisa boa eles divulgaram antes das eleições. Mas não estou muito preocupado quanto a isso, mesmo lula ganhando esse projeto não passa.",negative
95,"Mato Grosso do sul e 22 aqui Bolsonaro , duas senadoras traíra nós vamos cuidar nas próximas eleições e não vai ganhar nada aqui .....",negative
96,"Bolsonaro vai ganhar essas eleições seu vagabundo,e vc vai voltar pro lugar de onde não devia ter saído,pra CADEIA que é lugar de gente igual a vc seu bandido.",negative
97,"Eleições na Amazônia contrastam pressão por voto em Bolsonaro e silêncio de eleitores de Lula - ClimaInfo https://climainfo.org.br/2022/10/25/eleicoes-na-amazonia-contrastam-pressao-por-voto-em-bolsonaro-e-silencio-de-eleitores-de-lula/… via 
@GoogleNews",positive
98," 13om dia, companheirada! 5 dias! 

 Hoje, no Jornal PT Brasil, o senador 
@paulopaim
 (PT/RS) fala sobre o calote de Bolsonaro no salário mínimo e aposentados; o deputado reeleito @odaircunham (PT/MG) comenta romaria pela vida em Aparecida, paz nas eleições e muito mais.",positive
99,"COM BOLSONARO E GUEDES: FUZIL E GRANADA NO TRABALHADOR E CLASSE MÉDIA. 

COM LULA É MAIS PICANHA MENOS PISTOLAS",positive
100,Lula não vai ganhar as eleições não queremos um criminoso que financia a ditadura genocida de Cuba é um criminoso que contaminou toda a América Latina nem um voto em Lula,positive
101,Paraná Pesquisas: veja as intenções de voto em Lula e Bolsonaro a 5 dias das eleições,positive
102,"Se o Bolsonaro ganhar

AS DEDUÇÕES DO IMPOSTO DE RENDA VÃO ACABAR

Não é fake news. É mais um dos planos econômicos do governo para cobrir o rombo que fizeram gastando pra tentar comprar as eleições

ESPALHE! ",negative
103,Porque as mentiras de bolsonaro não podem passar em branco. Ele tem que pagar por elas... E vai pagar por elas. Vai pagar nas eleições e vai pagar depois das eleições TB. Não haverá perdão presidencial para genocidas...,positive
104,Sou do centro oeste e eu e toda minha família somos Lula!,negative
105,"Tive um pesadelo, Bolsonaro tinha ganhado as eleições ",positive
106,Finalmente a globo diz a verdade. Bolsonaro na liderança no segundo turno das eleições.,neutral
107,"Tudo armado pra provocar uma possível CASSAÇÃO do candidato Bolsonaro, ao ganhar as eleições. 
Pra eles, eleições não se ganha, se toma.",negative
108,Vou de Lula novamente!,positive
109,"como Felipão disse

""Só tem 2 tipos de pessoas que apoiam o Bolsonaro nessas eleições: o mal informado e o mau caráter""",negative
110,"Á vá!!!
Corrupto do caralho

Bolsonaro agora diz que vai negociar fim do orçamento secreto | Eleições 2022 | O Globo",negative
111,"Versão tupinico-trumpista de tentativa de invalidar as eleições por falsa fraude? Se não provado, o reclamante é que será investigado por fraude eleitoral. Estaria a campanha de Bolsonaro colocando TSE no fogo por um terceiro turno incitando milícia armada a provocar o caos?",positive
112,Se Lula ganhar as eleições vou fazer um torta salgada e outra uma doce e também compro uma caixa de cerveja para os meus amigos comerem e beberem free,negative
113,"Se lula ganhar, prometo escrever DEUS com MAIÚSCULA e acreditar na existência de JESUS CRISTO
Lula se reúne com católicos e diz que padres estão sendo 'atacados' por falar de fome e democracia | Eleições 2022 em São Paulo | G1 https://g1.globo.com/sp/sao-paulo/eleicoes/2022/noticia/2022/10/17/lula-se-encontra-com-lideres-catolicos-em-sao-paulo.ghtml?utm_source=twitter&utm_medium=share-bar-desktop&utm_campaign=materias… 
#LulaPresidente20221️⃣3️⃣",positive
114,"https://m.facebook.com/story.php?story_fbid=pfbid0qRBZCNZUmvsV8vHFut6ThQ3HcGVUKecsu6RgYQuLFk2txHk1F6nR9QKdS3kBki3l&id=100003302161650&sfnsn=wiwspmo….. vote 22 não queiram ser comparado com papel higiênico pra lula, foi lula quem disse que pobre é como papel higiênico usa nas eleições e depois joga fora esquece d pés sujos #LulaNaCadeia perpétua",positive
115,José Sarney declara apoio a Lula no segundo turno das eleições,neutral
116,"Bolsonaro não aprendeu nada!

Por isso vai perder as eleições.",positive
117,Ipec mostra Lula favorito na semana final das Eleições 2022. Roberto Jefferson é indiciado por 4 tentativas de homicídio. Entrevistas com Wálter Maierovitch e Ivan Valente | Despertador 568 • 25/10,negative
118,"Há um complô unindo todo o sistema contra a reeleição de Bolsonaro, isto é claro e notório, por isso, não é absurdo afirmar que não vai acabar bem estas eleições",negative
119,"Na moral,vcs podem apresentar as provas que for,o Moraes não vai aceitar,as eleições já está definida por ele,vai dá ao Lula infelizmente,e nós vamos ficar só olhando, sabemos que o BOLSONARO tá na frente,mas o sistema corrupto instalado no Brasil não vai dá a vitória a ele.",negative
120,O vampiro do PT acha que pode ganhar as eleições censurando propaganda de Bolsonaro no nordeste acorda vocês perderam as eleições na virada de Minas Gerais,positive
121,"""Os meninos estão bem"" ""Vou fazer o que puder"". Bob Jeff, aliado e amigo pessoal de Bolsonaro, não recebeu tratamento de bandido, mas de amigo mesmo! Basta ver a cordialidade dos policiais! Gado desesperado porque PERDEU AS ELEIÇÕES depois desse episódio, hahahahaha!!!!",negative
122,Que a tropa se prepare pois não haverá caos em nosso Brasil mas sim eleições limpas e Presidente Bolsonaro reeleito! Ouvi um sim? ,negative
123,"Eu queria saber se Bolsonaro perder as eleiçoes, sua Sra, a primeira dama de passado duvidoso mantera a fé e o casamento rs",positive
124, GANHANDO OU PERDENDO MEU CORAÇÃO SEMPRE SERA SEU LULA,positive
125,Bolsonaro vai inventar tanto coisa sobre urnas,positive
126,"http://anucieaki.com.br Campanha de Bolsonaro alega que rádios deixaram de veicular inserções da propaganda do presidente; Moraes dá 24h para apresentação de 'provas e/ou documentos sérios' | Eleições 2022 | G1 https://g1.globo.com/politica/eleicoes/2022/noticia/2022/10/24/campanha-de-bolsonaro-alega-que-radios-deixaram-de-veicular-insercoes-da-propaganda-do-presidente.ghtml…, see more https://tweetedtimes.com/SacAnucieaki?s=tnp…",positive
127,"É que na verdade o PT/Lula já canibalizaram o voto cirista na saída, por isso seu desempenho pífio em relação a eleições passadas. Os que restaram com Ciro até o fim do turno foram os mais resistentes ao petismo e divergentes",positive
128,"Às vésperas do segundo turno das eleições, Regina Casé compara a vilã de ""Todas as Flores"" com eleitoras de Bolsonaro",neutral
129,"O que vc queria que ele fizesse? Ficasse a favor desse bang bang que o Roberto Jefferson arrumou, na reta final das eleições? Se o cara estivesse a favor do  Bolsonaro não teria armado esse circo! Permacemos fechados com Bolsonaro dia 30 é  neles!",negative
130,"ɴᴏᴠᴀ ᴅᴇғɪɴɪᴄ̧ᴀ̃ᴏ ᴅᴇ ᴛsᴇ :

T͏r͏a͏n͏s͏g͏r͏e͏s͏s͏a͏̃o͏ S͏o͏́r͏d͏i͏d͏a͏ E͏l͏e͏i͏t͏o͏r͏a͏l͏

Um tribunal partidário, transgressor e sórdido como esse, está envergonhando o país e descredibilizando as eleições!
@TSEjusbr
#Bolsonaro
#CensuraNão
#VERGONHA 
#Fraude",positive
131,"O cara que é preto e contra cotas , gay e a favor do homofóbico racista. Por isso que perdeu as eleições e agora tá aí querendo bajular o Bolsonaro. É de onde menos se espera que não vem nada mesmo.",negative
132,"Falta pouquíssimos dias para as eleições, e se tem uma coisa que eu gostaria de dizer é:

Vote 13.

Você não precisa gostar do Lula, e sim, pensar e repensar no melhor para o nosso país, para o nosso BRASIL! 

FORA GENOCIDA!

FORA HOMOFOBICO!

FORA RACISTA!

FORA BOLSONARO!",negative
133,"lembrando que no primeiro turno as pesquisas cravaram no resultado das eleições pro Lula, mas na questão do bolsoanro os bolsominions se esconderam no Ciro, AGR n tem mais do voto envergonhado, se tiver é nulo",neutral
134,sei nao mas acho q o lula leva essas eleições,positive
135,"ELEIÇÕES 2022 - Emissoras de Rádio deixaram de veicular 154 mil inserções da campanha de Bolsonaro no 2º turno, denuncia ministro Fábio Faria

https://1001noticias.com.br/noticias/politica/eleiCOes-2022-----emissoras-de-radio-deixaram-de-veicular-154-mil-insercoes-da-campanha-de-bolsonaro-no-2-turno-denuncia-ministro-fabio-faria.html…",neutral
136,"mas para o rebanho ""Irrul, Bolsonaro bateu na mesa! TSE corrupto, olha o medo aí! Por isso já tão fraudando as eleições!""",positive
137,"Isso é desespero desse ministro de quinta categoria, já deve estar prevendo a derrota e quer tumultuar as eleições. Não tem jeito, agora é Lula 13!!!!!",positive
138,"Aposta; 

EM QUANDO TEMPO CIRO NOGUEIRA VAI MUDAR DE LADO E VOLTAR A APOIAR OS ESQUERDISTAS 

1 - Em 30 de outubro, 1 minuto após oficializar a eleição do lula
2 - Em 31 de outubro (dia seguinte as eleições)
3 - Em 01 de janeiro de 2023 (as 00:01 AM)

Deixem suas respostas abaixo",positive
139,"Repassem o máximo q puderem esses vídeos, fotos e hashtag, vamos divulgar as verdades dessas eleições, ladrão ñ
#bolsonarodia30
#BolsonaroReeleito
#BolsonaroPresidente22
#Bolsonaro22
#bolsonaro
#ForaLula
#FORAPT
#LulaNuncaMais
#LulaLadraoSeuLugarENaPrisao
#lulavailheenganardenovo",positive
140,"O TRE manda arrancar adesivos TD que fala do BOLsonaro mas carros oficiais  TRE/TSE pode transporta adesivos do Lula vcs ainda tem dúvida q/as eleições serão tomadas  teu voto não valeu de nd com disse o iluministro ""eleições não se vence se toma"" TDS querem o ladrão e quadrilha",negative
141,"Lula vai perder as eleições. Minha opnião sobre o resultado das eleições:
Bolsonaro 48,3%
Lula 47,6%
Nulos/Brancos: 4,9%
Compartilhem sua opnião aqui também!",positive
142,"É que juntaram o Centro-Oeste com o Norte, onde o Lula tem grande vantagem. Uma jogada...",negative
143,"Esse fds uma querida me chamou pra tomar café e conversar sobre as eleições, pq ela estava INDECISA sobre Lula e Bolsonaro. Foi maravilhoso conversar com alguém disposto a ouvir e que deve me achar relativamente sensata, por querer ouvir oq eu tinha a dizer! kk
Ela vai de 13!!!",negative
144,A narrativa da fraude nas eleições já está em curso. Confirmam-se os resultados das pesquisas divulgadas. O Bolsonaro encurralado vai sair pela via do golpe. Agora perderão mais alguns milhões de votos. Porque nem todo bolsonarista é golpista.,positive
145,"Velho Mula vencendo essas eleições, o  mérito terá  sido dus companheiro.  Bolsonaro vencendo será uma obra de Deus e de todos os patriotas que amam essa Nação.",negative
146,"Cara, amanhã é o último dia de eleições. A galera não se ligou disso ainda.

Se o FF não provar essa acusação, Bolsonaro perde. Se provar, PT além de perder, afundará pra todo sempre.

Acabou.",negative
147,"Sejamos diretos, o Lula ganhou e o merdinha do genocida está tentando melar as eleições.
Quem compactuar com isso será preso e essa gentinha da 
@JovemPan
 é um bando de cuzão. (rs)
Bolsonarista = covarde.

#bolsonaropedofilo #BolsonaroPervertido",positive
148,"Sabe antes era tudo feito por de baixo dos panos aí vem o Bolsonaro expõem tudo isso, todas safadezas das eleições. Expor isso e ainda tem pessoas que apoia esse tipo de eleições, e triste quanto menos transparência e veracidade e melhor pra robalheiras!",negative
149,Lideranças de acampamentos no DF declaram apoio a Bolsonaro no 2º turno - Notícias - R7 Eleições 2022,neutral
150,"O Bob se ofereceu pra boi de piranha pra criar uma cortina de fumaça no escândalo de desindexação do salário e da aposentadoria da inflação, garantido pelo sinistro da Fazenda, se o Bolsonaro ganhar as eleições, causando impacto e estrago muito grandes...",positive
151,"Essas eleições não tem mais legitimidade. 
A CHAPA LULA DEVE SER CASSADA!

Alexandre de Moraes PRECISA ser DEPOSTO, julgado e condenado pelos crimes ABSURDOS cometidos contra nação brasileira.",positive
152,"Isso pq do lado do bolsonaro ainda tem. Rivaldo, Ronaldinho Gaucho, Kaka, Thiago Silva... E por ai vai",negative
153,Bolsonaro em todas as eleições cresceu na reta final. Aguarde,positive
154,Central avisa que agora vai ser 85% no Piauí para o Lula.,neutral
155,"IBIRAJUBA NOTÍCIAS: ELEIÇÕES 2022: LULA CONTINUA LIDERANDO CORRIDA ELEITORAL NO 2° TURNO

http://ibirajubanoticias.com.br/2022/10/eleicoes-2022-lula-continua-liderando.html?spref=tw…",neutral
156,"OU SEJA: DEPOIS DAS ELEIÇÕES COM VITÓRIA DE LULA, VAI TER GASTOS PRA FAZER UM PUCHADÃO EM BANGU!",positive
157,"@RomeuZema
 denúncia grave. Isso é puro desespero de quem sabe que já perdeu as eleições. 
Bolsonaro 22 reeleito",positive
158,Talvez tenha a ver com o fato de que o Lula sempre teve uma boa recepção dentro da elite intelectual/cultural. Se pegarmos os dados das eleições de 2002 e 2006 da pra perceber essa mudança no eleitorado. Acho que esses bairros podem ser considerados o núcleo dessa elite.,negative
159,"Poisé, super estranho que esse instituto e o verita, tenham dito que Bolsonaro ganhou no primeiro turno e agora no segundo continuam dizendo isso kkkkkk",neutral
160,eleições aí é tipo bolsonaro  vs. bolsonaro ,positive
161,Imagina se as eleições fossem limpas... Bolsonaro teria ganhado no primeiro turno. #fato,neutral
162,"Bozominion não lê
Onde o medo da derrota no primeiro turno mais aterroriza Bolsonaro
Vê-se às portas das eleições tomado pelo medo de ser derrotado e mais tarde preso. Daí seu desespero.",neutral
163,"Mesmo que seja verdade , poderia ser fraude fabricada pir radios bolsonaristas? Campanha de Bolsonaro pede que TSE investigue se rádios do Nordeste e Norte deixaram de veicular propaganda obrigatória | Eleições 2022 | O Globo",negative
164,"Barbara do Ti Atualizei exponhe todas fake news da última semana das eleições.
Bolsonaro 22",negative
165,"Sério? E quando o Lula levar as eleições por uma série de fraudes ""não comentadas""? Faremos o que? Apelaremos à oração?",negative
166,"Se isso realmente for verdade
Nossas eleições já estão fraudadas

Repito a violência da censura de Alexandre de Moraes  em cima da campanha de Bolsonaro somado a esse fato (A SER CONFIRMADO)

Nossas eleições sem dúvida Nenhuma estão sob Suspeita de Fraudes",positive
167,"Estão faltando as provas, Fábio. E tá ficando cada vez mais claro q 1) o desespero de vcs está batendo; 2) a pessoas que votam em vcs percebendo que vcs querem apenas tumultuar as eleições.

Vcs mesmo tão virando voto pro Lula.",positive
168,"Ato em Defesa da Democracia com Lula e Haddad na PUC/ SP. Vamos ganhar essas eleições, o Brasil merece. 
@LulaOficial
 @Haddad_Fernando
 @geraldoalckmin
 @PUCSP
 #LulaNoTuca #LulaPresidente #democracia",positive
169,"O que vai dar mais ibope na TV em 2023 após Lula vencer as eleições?
#Eleicao2022 #LulaPresidente20221️⃣3️⃣ #BolsonaroNuncaMais #midianinja 
@LulaOficial
 #quebrandootabu #seremosresistencia #sigilode100anos #mariellefranco #orcamentosecretoecorrupcao 
@AndreJanonesAdv
 @felipeneto",positive
170,"Só o do próximo presidente mesmo, LULA!",positive
171,LULA E A SUA QUADRILHA ACABA DE MELAR AS ELEIÇÕES,positive
172,"Considerando que a margem de erro no 1º turno foi de 8% contra Bolsonaro, ele deve está com 54%. Aguardemos. #PtNuncaMais",neutral
173,"ELES ESTÃO DESESPERADOS
Não acreditem em nada que venha da seita do mal, pois tudo não passa de cortina de fumaça para atrapalhar as eleições nesses últimos dias! Vamos ter calma, continuar na luta para elegermos 
@LulaOficial
 no domingo para sermos felizes de novo!! 
LULA ",positive
174,desesperador e sufocante ser professora na realidade do brasil e do que pode acontecer caso lula perca as eleições,negative
175,"Por 
@rodrigues_la
: A coordenação de campanha do ex-presidente Lula (PT) quer focar no tema salário mínimo nesta última semana antes das eleições em segundo turno #JornaldaCNN #CNNnasEleições",neutral
176,Poderia ter essa atitude quando tiraram o Lula da prisão por uma manobra do TSE.. lugar de ladrão é na prisão e não concorrendo as eleições.,negative
177,"Sobre as inserções,estou tranquila... 
Bolsonaro não iria arriscar a candidatura nas vésperas das eleições. 
#Bolsonaro22 #AlexandreDeMoraes  #tse",positive
178,"Bolsonaro vai tumultuar, de todas as formas, as eleições até domingo. Teremos 6 dias muito intensos pela frente!
Ele sabe que nas urnas já perdeu!",positive
179,"Bolsonaro disse em 2019, após tomar posse, q tinha fraude nas eleições e q ele tinha provas

O TSE ñ dá dando 24h, tá dando 4 anos. Ñ tem como elogiar o judiciário brasileiro",positive
180,"""Não são drogadas , nem apoiam ladrao""

então elas não apoiam Bolsonaro. 
Parabéns papai",negative
181,"Já estão levantando um motivo para golpe, colocando às eleições em suspeição. Sabem que perderam, que não se vira 6 milhões de votos em um mês. Bolsonaro descobrirá que o Brasil tem instituições fortes, não durará nem 2 horas um possível golpe.",negative
182,LULA FRAUDOU AS ELEIÇÕES,positive
183,"BOLSONARO DEFENDE BANDIDO

MINISTRO DA JUSTIÇA p/ PROTEGER CRIMINOSO

""PRESO DOMICILIAR"" com FUZIL e GRANADAS ?

""negociador"" da #PoliciaFederal foi seu PAU-MANDADO ?

#bolsonaro #mito #RobertoJefferson #eleicoes #eleições #eleições2022 #eleicoes2022",positive
184,"José Sarney, ex-presidente da República, declara voto em Lula no segundo turno | Eleições 2022 | G1",neutral
185,Patrícia solta aí .. para o pessoal que . O Bolsonaro conversou com Roberto Jefferson. Para ele ficar de boa quetinho .. passando as eleições ele vão dá o indulto . Para livra o Roberto .. solta essa bomba aiiii kkkk coloca fogo no parquinho,negative
186,"O que os chavistas esperam de Lula, caso o petista seja eleito. Você precisa saber disso antes das eleições            https://sociedademilitar.com.br/2022/10/o-que-os-chavistas-esperam-de-lula-caso-o-petista-seja-eleito-voce-precisa-saber-disso.html… !! :)",positive
187,Campanha de Bolsonaro alega que rádios deixaram de veicular inserções da propaganda do presidente; Moraes dá 24h para apresentação de 'provas e/ou documentos sérios' http://glo.bo/3N2AmYr #g1 #eleições,positive
188,"Mais um amiguinho ditador do Lula querendo que ele ganhe as eleições pra voltar a financiar essa ditadura maldita que escraviza e mata pessoas.

Lula e PT é Maduro",positive
189,"Quem será que vai ficar desesperado? 
Há 1 dias das eleições de 1º turno esse mesmo gráfico que você postou, mostrava diferenças bem maiores a favor do descondenado (7 a 14 pontos) Se a metodologia for a mesma, todas subestimaram Bolsonaro e acertaram Lula. Portanto …",negative
190,"difícil disso acontecer, logo após a vitoria de lula, o centrao vai se debandiar em peso pro lado do lula",positive
191,"Discurso de Fábio Faria mostra que há chances de Lula vencer as eleições kkk
Estão desesperados. #Vote13",positive
192,Moraes critica campanha de Bolsonaro por apresentar denúncia sem provas sobre supostos prejuízos em propagandas de rádio | Eleições 2022 | O Globo,positive
193,"154 mil inserções do Candidato Bolsonaro a menos que o ex presidiário, aí me vem o juiz das eleições, ao invés de apurar os fatos e jugar os culpados, ele ameaça os as testemunhas de acusação.",positive
194,"Eleições e pensando sobre acesso a políticas públicas e fui perguntar sobre a trajetória das minhas tias e meus tios e fiquei sabendo AGORA que de  10 irmãos a minha mãe foi a única a ter diploma universitário e como isso transformou nossas vidas. #Lula, você é único ",positive
195,Mais uma ! E continua as ilegalidades! O golpe final será dizer que o Lula ganhou às eleições,negative
196,"Ao invés de apurarem a denúncia partiram pra cima da campanha de Bolsonaro. 
Normal nesse tribunal eleitoral. 
Essas eleições já perderam qualquer inserção.",positive
197,AI TU ACORDOU E VIU A REALIDADE: BOLSONARO PERDEU AS ELEIÇÕES KKKKK,positive
198,"BOLSONARO vai ganhar as eleições em nome do Senhor Jesus!!! Justamente porque ele gosta do povo, não é a favor de aproveitadores crias de Luladrão (sindicatos) e veste a camisa do Brasil. Acorda povo que apoia esse cara que arrombou os cofres públicos.",negative
199,"Bolsonaro 'despreza aliado' Roberto Jefferson e 'é um mentiroso compulsivo que não tem controle', diz Lula | Eleições 2022 em São Paulo | G1",negative
200,"GENTE ESSA ELEIÇÃO ESTÁ MANCHADA  ROUBARAM O TEMPO DE RÁDIO E TV DO PRESIDENTE BOLSONARO  22 
@TSEjusbr
 @STF_oficial
  SI VCS NÃO FOREM NEUTROS O POVO NÃO VAI ACEITAR ELEIÇÕES NA FRAUDES NÃO ",negative
201,"De acordo com 
@Ana_Flor
, campanha de Lula prometeu documento com diretrizes para a economia até quarta-feira.",positive
202,"Bolsonaro reclama de inserções de rádio no nordeste que não teriam sido veiculadas.
É a narrativa da derrota, dizendo que as Eleições não são limpas. 
Em 2018, ele foi eleito com apenas 8 segundos de programa eleitoral e 11 inserções. E muita força nas redes sociais.",positive
203,"Maduro manda mensagem de apoio a #lula  #PT  #eleicoes #Eleicoes2022  #brasil #JairBolsonaro  #JairBolsonaroReeleito 
@jairbolsonaro
  @nikolas_dm",positive
204,"As inserções ROUBADAS do presidente Bolsonaro, correspondem há 52 dias de programação ininterruptas faltando 14 dias para as eleições. CRIMINOSO!Muito grave! Muito Grave! Muito Grave! Muito Grave!Muito Grave! Muito Grave! Muito Grave!! Muito Grave! Muito Grave! Muito Grave!",positive
205,"Essas eleições estão em um nível tão absurdo que minha tia que é professora estava contando que crianças de 8 anos estão isolando outras que não apoiem o bolsonaro ??
Mannnn",negative
206,"Durante a coletiva do min Fábio Faria onde denunciou a prevaricação de Alexânus diante das 154 mil interrupção de propagandas do Bolsonaro, o programa Os Pingos Nos Is foi simplesmente derrubado pelo YT.

Ou você se levanta da porra do sofá, ou eles vão roubar as eleições ",positive
207,"As eleições estão contaminadas, todos os corruptos e vendidos contra BOLSONARO",positive
208,"Olha a que ponto esse ser humano chegou?
Quando esse país virar uma Venezuela uma Colômbia, esses serão os primeiros a sair do país. Não sejam ignorantes. 
#Bolsonaro 
#Bolsonaro22
#Bolsonaroprrsidente22
#Eleicoes 2022",negative
209,"Eleições 2022: o candidato Luiz Inácio Lula da Silva, do PT, cumpriu agendas de campanha na capital paulista

 Assista agora ao #JornalDaRecord ao vivo: http://r7.com/kCWT #JR24H",positive
210,Esta errado. Roberto jerfeson errou vai pagar pelos crime já senhor lula robou está livre pra concorrer as eleições. Juro viramos piada e sério.,positive
211,"RESPONDE O JANONES CARLUXO
ELES ESTÃO DESESPERADOS?
Gigolo da Jequiti
VAI CHORAR NA JOVEM PAN
NÃO FUZILEM MEU SALÁRIO
 Vou Votar em Lula! Sou Lula !",positive
212,"Vídeo engana ao sugerir que Lula forçou beijo em comício.

Narração em vídeos engana ao indicar que Lula teria forçado beijo na boca durante evento de campanha para o segundo turno das eleições. #Eleições2022

Leia no projeto 
@Comprova
: https://cutt.ly/PNySSit",neutral
213,"GENTE OLHEM ISSO PELO AMOR DE DEUS, QUE NÍVEL CHEGOU AS ELEIÇÕES POR CULPA DO BOLSONARO. Toque para ver 
https://v.helo-app.com/al/SMwrRcvc?c=tw…",positive
214,"QUEM FOI O (S) RESPONSÁVEL (S) PELO PRESIDENTE BOLSONARO TER SUAS INSERÇÕES EM RÁDIO, PRINCIPALMENTE NO NORDESTE DELETADAS???  SABOTAGEM E CRIME CONTRA O EQUILÍBRIO DAS ELEIÇÕES, CASO DE POLÍCIA PARA SER ESCLARECIDO IMEDIATAMENTE.",positive
215,"O imbecil pau mandado do Bolsonaro, FABIO FARIAS, para evitar a rejeição do bandido, ataca o TSE com a baixa comunicação do Bolsonaro no nordeste, o bolsonarismo quer jogar sujo de qualquer maneira, para ""tentar"" vencer as eleições. 
@TSEjusbr
 @alexandre
 @LulaOficial
 @GloboNews",negative
216,Até o Luke Skywalker é lula kkkk,positive
217,tomara q acabe logo essas eleições com lula presidente não estudo direito por causa disso que saco,negative
218,"A POLÍTICA ESTÁ INTRAGRÁVEL!

O segundo turno das eleições se aproximam E a polarização entre os jovens só aumenta. A FACTUAL900 conversou com dois universitários, eleitores de Lula e Bolsonaro, para entender por que as brigas políticas passaram dos limites. Vem ler",neutral
219,LULA FRAUDOU AS ELEIÇÕES,positive
220,Campanha de Bolsonaro alega que rádios deixaram de veicular inserções da propaganda do presidente | Eleições 2022 | G1,positive
221,"Mas vc é muito prepotente e burro, vai perder a eleições, vc não tem capacidade,  ao contrário bolsonaro fez em menos de 4 anos muito mais que vc em 16 anos, aliás o que vc fez foi roubar, deixou um rombo financeiro,  estatais quebradas",negative
222,"@Tucano_SP
 @rodrigogarcia_
 @wilsinhopedroso
 ESSA GALERA É MALUFISTA DE 98. Não aprenderam nada com MÁRIO Covas. Agora é LULA 13!",positive
223,"... o Brazil de Jair Messias Bolsonaro dando certo 
@AdelmanAzevedo
 ; a dor da #Fome vem pra urna você também ajudar a construir o #Brasil dos seus sonhos #Eleições vem #VivaoSuS",positive
224,"A Globo, Folha, Uol, Estadão e cia determinaram que seus blogueiros e contratados façam ataques criminosos, sórdidos e mentirosos  contra Bolsonaro. O órgão fiscslizador das eleições finge não ver.",negative
225,"Vote no Lula e veja a mágica acontecer aqui no Brasil. As perseguições políticas e a censura estão acontecendo nessas eleições, imagine se o Descondenado for eleito. Em tempo: esse é o ditador que a petralhada e o descondenado promovem e enaltecem.",positive
226,Presidente do PTB declara apoio à reeleição de Bolsonaro - Eleições - SBT News,positive
227,"Fala do ministro do atual presidente sobre o auxílio emergencial. 

Quem será o Bolsonaro depois das eleições? O bonzinho das propagandas na TV ou o da vida real, que não liga para vida das pessoas e deixa o povo passando fome?

Boa noite.",negative
228,Sim com certeza Bolsonaro já venceu no 1 turno não tem q ter o 2 turno por causa da roubalheira nas urnas eletrônica se deixar as eleições acontecer sempre nas eleições q tiver haverá fraude nas urnas e quem fraudaram votos pro Lula tem q jogar nas jaulas pena de 5 anos entendeu.,negative
229,"@TSEjusbr
 defende o Lula nas eleições? Só uma pergunta!! ",negative
230,minha falando pra eu ficar em casa e nn ir votar no dia das eleicoes que é melhor isso doq eu votar no lula (????),neutral
231,"Depois dessa fraude nas rádios do nordeste a chapa do Lula deveria ser cassada. Essas eleições não são legitimas. Cadê o 
@TSEjusbr
 ?",negative
232,"Acho que os tiros do Roberto Jefferson no pé de Bolsonaro foram mais graves. Dia 30, por essa hora, jaz  Bolsonaro, os aparelhos serão desligados!",negative
233,"Se for comprovado que Lula veiculou o equivalente a 53 dias de propaganda a mais o Bolsonaro o povo brasileiro irá querer a cassação dessa chapa. 

Onde estão as eleições limpas e seguras que nos prometeram ?",positive
234,"2005 e 2022 coincidências 

Reebok volta ao futebol brasileiro em 2023 -Botafogo

Gremio volta a serie A

Paulista campeão brasileiro

Athletico PR na final da libertadores

Lula ganha as eleições 

Inter vice campeão brasileiro

Inter campeão libertadores e do mundo em 2006/2023",positive
235,Eu sempre falei deixasse as eleições correrem em paz e tudo iria bem.Quando entrou os cristãos e  começaram com mentiras para prejudicar o próximo fosse quem fosse Deus entrou com justiça.Lula lá doa a quem doer,positive
236,Lula só vence as eleições de houver fraudes por parte do TSE….,positive
237,"NÃO VOTO EM LADRÃO, E MUITO MENOS EM COVARDE OMISSO. VOTO NULO. MAS LULA VENCE ESSAS ELEIÇÕES PARA A DESGRAÇA TOTAL DO BRASIL.
JORNAL JOVEM PAN - 24/10/22 https://youtu.be/Rez_RfKzRRU via 
@YouTube",positive
238,"Só para relembrar vocês: há muitos outros países da América Latina, além dos da Europa, de olho no que está acontecendo políticamente no Brasil. Muitos deles acreditam na vitória do Lula contra Bolsonaro. Difícilmente Bolsonaro consegue levar essas eleições. O fim está próximo.",negative
239,eu quando anunciarem o lula como o novo presidente vou gritar de alívio pois n aguento mais essas eleições,positive
240,Os golpistas tentarão a todo momento criar narrativas para promover o caos até as eleições. Bolsonaro sabe que está prestes a perder e agora é levantar suspeição em todo o processo eleitoral.,positive
241,"Concordo com você. Mas acho que qualquer apoio ao Lula, principalmente nesta última semana, é muito bem-vindo.",negative
242,"QUARTA PESQUISA DO IPEC NO 2° TURNO ESTABILIZA DISPUTA ENTRE LULA E BOLSONARO
Ex-presidente vence as eleições com 54% dos votos válidos, contra 46% do atual presidente, que cresce 1% na rejeição do eleitorado brasileiro",neutral
243,"https://twitter.com/ManfroiRenato/status/1572389646583361538?s=20&t=cfmzpWR0SNm5tRRBwAUHPg…
como é bom registrar.

Voltando de balneario p porto alegre em 20\09, estranhei que em TODO trajeto , SÓ APARECIA PROPAGANDA DO LADRAO.

PENSEI QUE FOSSE DESLEIXO DA CAMPNAHA DE BOLSONARO. Esta explicado.

Tem q repor e até adiar as eleiçoes se necessario",positive
244,"C/ Lula iremos acabar a cultura do ódio e violência gerada pelo atual governo. Restam 6 dias p/ 
@LulaOficial
 vencer as eleições.
@LulaOficial
 
@FlavioDino
 
@carlosbrandaoma
 
@FelipeCCamarao
 
@BiradoPindare
 
@carloselula
 
@santosjoas333
 
@ju_nadja
@Karina_Bandelli
@luna_che_",positive
245,"Pessoal, parece q derrubaram Os Pingos nos Is na hora da denúncia do Fábio Faria. O vídeo agora aparece como privado. Tá me cheirando a mais uma censura do TSE. Se confirmado, será mais uma prova grave de interferência nas eleições p favorecer Lula e derrubar Bolsonaro!",negative
246,"Central, que história é essa que Lula teve 154 mil inserções a mais que Bolsonaro nesse segundo turno? DENÚNCIA GRAVÍSSIMA",neutral
247,"""Parei na esquina, tirei o capacete e olhei umas meninas, 3 ou 4, bonitas. De 14 ou 15 anos arrumadinhas em pleno sábado em uma comunidade. PINTOU UM CLIMA, voltei e perguntei : Posso entrar na sua casa?"" 
( Jair Bolsonaro)",positive
248,"""Eleições: pesquisa Brasmarket aponta maior vantagem para Bolsonaro – Money Times""",positive
249,"No nordeste Bolsonaro temuito mais, vou até printar! Nós aqui vamos dar a vitória ao capitão do povo!!!!",negative
250,"Bonner vai proteger Lula?
Ele poderá mentir?
Kkkkkkk
Debate presidencial na Globo: veja horário, como assistir online e as principais regras | Eleições 2022 | O Globo",positive
251,"Bolsominion chora quando vê que faltam só 6 dias para as eleições e o Brochonaro não sai dos 43% kkkkkkk

Nos votos válidos Lula tem 54%, 8 pontos de vantagem sobre o atual presidente.

A esperança vai vencer o medo! Vamos vencer 

Lula  presidente!   ",positive
252,Se fosse numa única emissora corresponde a 53 dias de propaganda surrupiada do presidente Bolsonaro. Só roubando mesmo para ganhar as eleições. Vamos ver as atitudes que serão tomafas pelosdefensores da democracia e da igualdade aos candidatos ou se acham isso normal.,positive
253,"Nas eleições, o “Apóstolo Abrahão” compartilhou no Instagram mensagens a favor da reeleição de Bolsonaro, incluindo um vídeo do ex-deputado Roberto Jefferson (PTB), preso sob acusação de ameaçar o ministro do STF Alexandre de Moraes.",negative
254,"#ELEIÇÕES2022 - Lula e Bolsonaro poderão usar tempo livremente em todos os blocos do debate da Globo; confira regras

Mediado por William Bonner, debate irá ao ar na sexta-feira (28), depois da novela ""Travessia"", a partir das 21h30

#ibahia #eleições",positive
255,"DATAFOLHA:

Lula 50%
Resultado: 48,43%

Bolsonaro 36%
Resultado: 43,2%

Erro de 2% a mais para Lula, e cerca de 6% a menos para Bolsonaro.

(+)",positive
256,"Eleições 2022: ao vivo, Metrópoles Entrevista Jair Bolsonaro, candidato ... https://youtu.be/_juEB_fha4Q via 
@YouTube
 ",positive
257,"Mais de 154.000 inserções de rádio a mais para LULA em todo o país!

ISSO só em 14 DIAS!

Quase 1.300 horas a menos para BOLSONARO!

O equivalente a 53 dias ininterruptos de campanha a mais para LULA! 

""Super isentas"" essas eleições",positive
258,"O Bolsonaro não só vencerá as eleições,  bem como vencerá TODO um Sistema aparelhado, montado descaradamente em prol do candidato ex-presidiário. Eles não escondem mais. O JB é uma pedra no sapato deste Sistema.#BolsonaroReeleito #BolsonaroPresidente22 #BolsonaroReeleitoEm2022",negative
259,Esse vagabundo do padre foi no debate da TV Globo só pra xinga lula safado ele gosta muito de confusão meu deus esse merda e padre mesmo ou um safado,positive
260,"Lula na perde mais. Faltando uma semana para as eleições. Com quase 9 milhões de votos válidos de frente pela pesquisa do IPEC que aponta ainda alta rejeição de Bolsonaro, nem uma nova facada tira a vitória do ex-presidente Lula.",negative
261,"Muito bom ouvir o posicionamento o 
@neymarjr
 sobre eleições e apoio ao presidente Bolsonaro e, saber que foi resgatado o maior símbolo nacional que é a nossa bandeira que na sequências das eleições vamos continuar primando por nossas cores com a copa do mundo.",negative
262,Lula no segundo turno das eleições presidenciais!!,neutral
263,Lula só vai perder no Sul.,neutral
264,Lula vai vencer com a permissão de Deus,positive
265,LULA PRESIDENTE 13 ,positive
266,"Faltam apenas 6 dias para o 2º turno da eleição presidencial, Lula (PT) e Bolsonaro (PL) estão vendo que seus números não se mexem.

Confira mais detalhes da nova pesquisa IPEC no blog da Central Eleitoral, no 
@PollsterGraph
.",neutral
267,"Seja muito bem-vindo. Votar em Lula, não é só um voto partidário,  como nas eleições normais. É um voto a favor da vida, da democracia, do bom senso, da liberdade, do amor ao próximo. Votar em Lula13 é permitir um futuro digno para as futuras gerações.",positive
268,Bolsonaro vendo o resultado kkkkkkkkk,positive
269,"Dois memes estão resumindo o segundo turno e as eleições 2022 como um todo:

""Nada muda o futuro de Jair Bolsonaro""

""Lula, você será sempre famoso"".

A imagem pública de ambos é o grande pano de fundo dessas eleições.",neutral
270,"Na reta final das eleições, a GN recapitulou atos, falas e decisões de Jair Bolsonaro para você relembrar ou enviar a quem ainda tem dúvidas sobre o voto no dia 30 de outubro.",positive
271,"Lula se fosse fake vc desmentia mas como é vdd vc só diz que ele tá mentindo ent prova que é mentira 
Prova que vc. Não é ladrão,que vc só tá concorrendo as eleições pq teu amigo falou que vc deveria ser julgado em outra cidade por causa da idade kkkk seu bandido safado",negative
272,"O Partido da Causa Operária está imprimindo 3 milhões de panfletos para garantir a vitória de Lula no 2º turno das eleições. 
Caso queira contribuir com a campanha, ajudando financeiramente ou recebendo panfletos para distribuir, me manda um direct.",neutral
273,"É o que estou falando. Pará, maior colégio Eleitoral do Norte, está em campanha pró-Lula. Helder não está pra brincadeira. Lula venceu aqui e vai ampliar mais",positive
274,Imagina quando vc descobrir que isso tem tanto poder de conversão de voto pra Bolsonaro quanto aqueles caras fazendo L com livros tem pro Lula,positive
275,"Não vi nenhuma nova adesão. Todos já haviam declarado antes! A novidade foi alguns que fazem partes das duplas falarem que não apoiam o Bolsonaro, apenas o seu parceiro da dupla.",negative
276,"RUMO A VITÓRIA!! 

Se as eleições em 2° turno fossem hoje, Lula seria eleito Presidente da República com maioria absoluta de votos  

Estamos a um passo do Brasil que sonhamos e merecemos 

SE VOCÊ FAZ PARTE DOS 54% QUE IRÁ ELEGER LULA, COMPARTILHE ",positive
277,"Não passo pano irmão,  bolsonaro tem que sair de lá, é tudo de ruim, mas Lula é farinha do mesmo saco,  terrorista igual, não voto em nenhum",negative
278,"A diferença entre Lula e Bolsonaro. Lula diz: ""O trabalhador precisa de boas condições de trabalho e salário digno"". Bolsonaro afirma:""Como é difícil ser patrão no Brasil"" ""Não lute por direitos, se contente que tens trabalho"" Espero que ajude os indecisos a decidirem por Lula.",positive
279,O Nordeste é LULA e continuamos salvando o Brasil ,positive
280,"O norte basicamente tem só dois estados relevantes em população: Amazonas e Pará. E nesses dois o Lula ganhou ( além de AP e TO). RO, AC e RR tem população tão pequena que só os votos do PA já devem suprir essa diferença.",positive
281,"Na história das eleições as pesquisas nunca erraram, é Lula o novo presidente do Brasil!",positive
282,"Eleições de 2002 também teve churrasco lá em casa, uns santinho do Aécio tamanho A5 ótimos pra fazer aviãozinho de papel e colei um adesivo grandão do lula na porta de casa",positive
283,"Precisou Bolsonaro entregar a obra 10 anos dps do prazo do Lula, enquanto isso países vizinhos eram financiados pelo governo petista por meio do BNDS, foram gastos 12 bilhões para levar agua a diversas regiões do nordeste enquanto isso o PT deu 30 bilhões para paises ditatoriais.",negative
284,O futuro ministro de bolsonaro se ele ganhar as eleições. My god! O cara que adora da tiros em policias federais.,positive
285,"Em restaurante,Bolsonaro assiste a programa eleitoral de Lula, vê mensagem de 'Bolsolão' e reclama de 'mentiras' | Eleições 2022 | O Globo",positive
286,"Atenção Carlos, dê um alerta a Bolsonaro para q levante a parcialidade da Globo nas últimas eleições ajudando Collor, FHC e Collor no debate da Globo. Pesquise essas verdades e joguem no debate para o Brasil! Vai desmontar o consórcio!",neutral
287,"Pesquisas para militantes, sem nenhum compromisso com margens de erro nessas eleições.
Espere sempre da Atlas e da Ipec: cenários positivos para Lula e negativos para Bolsonaro.
Espere sempre da Brasmarket e Paraná: cenários positivos para Bolsonaro e negativos para Lula.",positive
288,"Estamos otimistas!
Lula Presidente!",positive
289,"Hasta la vitoria!
Lula 13",positive
290,"Hasta la vitoria!
Lula 13",positive
291,"FALTA POUCO

VAMOS COM LULA",positive
292,"Pesquisa IPEC para o segundo turno das eleições 2022

Lula: 50%
Bolsonaro: 43%

#Eleiçoes2022 #pesquisaeleitoral #pesquisa #eleicoes",neutral
293,Central das eleições ou comitê de campanha do Lula?,positive
294,Lula gigante,positive
295,Ipec entrevistou 3.008 pessoas em 183 municípios entre sábado (22) e segunda-feira (24). #Eleições #Lula #Bolsonaro #TVCultura,positive
296,LULA CRESCEU MDS ,positive
297,"Pesquisa falsa. Não há, em nenhuma metodologia séria, diferença para o ladrão, que seja maior que 3 pontos, nem as tendenciosas… Hoje Bolsonaro está na frente …",negative
298,uma das coisas mais interessantes sobre essa eleição é que o bolsonaro está simplesmente em faniquitos da pra sentir o cheiro do DESESPERO dele em qualquer aparição enquanto o presidente lula nao poderia estar mais convicto que ele ganhou as eleições isso é lindo,positive
299,"A militância está muito forte e engajada e isso é excelente! Estamos perto da vitória e iremos continuar trabalhando forte pela vitória do Lula!!!!!! 

Lula 53% no Atlas
Lula 54% no IPEC

LULA PRESIDENTE",neutral
300, pro amor vencer o ódio! VOU DE LULA,positive
301,"Bora pra cima!

Nada de relaxar, só faltam 6 dias e ainda podemos garantir mais votos para o Lula.

Vamos que vamos!",positive
302,"Lpor falar em economia, quem será o ministro da economia de Lula?",positive
303,"54-10= 44 lulaladrao 
46+14= 60 bolsonaro",positive
304,"Apuração do jornalista Tales Faria, do UOL, Roberto Jefferson espera atuação de Bolsonaro a seu favor, e ela deve acontecer após as eleições, se Bolsonaro for vitorioso. Logo, votar em Bolsonaro é salvar Jefferson. #RobertoJefersobéBolsonaro",negative
305,Voto dos militares é essencial para definir as eleições no segundo turno UMA PENA QUE BOLSONARO FEZ COM ESSA CLASSE NA APROVAÇÃO DA LEI 13.954/19 DEIXANDO DE LADO QUEM O APOIOU POR MAIS DE 28 ANOS ESSES VOTOS VÃO FAZER FALTA DIGO POR MIM NÃO VOTO!!   https://sociedademilitar.com.br/2022/10/paradoxo-ou-logica-militar-enquete-apurou-de-quem-e-o-voto-dos-militares-da-reserva-que-se-agrupam-em-redes-sociais-em-todo-o-brasil.html… !! :),positive
306,"Cuidado as fakes  news vão crescer agora na reta final das eleições,ficar atento vão querer confundi o povo brasileiro achar que somos burros ,bolsonaro nunca mais 
Nosso foco lula presidente 
Dia 30 de outubro 
Lula 13",positive
307,Vou de lula 13 central,positive
308,"Lula 53% no Altas (a mais confiável)
Lula 54% pelo IPEC

ESTAMOS MUITO PERTO DA VITÓRIA!!!!",neutral
309,corta pro final das eleições o Lula assim olhando pro verme.,positive
310,"IPEC: PESQUISA PRESIDENCIAL, de 22 a 24/10

 2º TURNO | VOTOS TOTAIS

 Lula (PT): 50% (=)
 Bolsonaro (PL): 43% (=)

 Brancos e Nulos: 5% (=)
 Indecisos: 2% (=)",neutral
311,"O mole que Bolsonaro não deu em 4 anos, os cara estão fazendo por ele. Tem amigo que é melhor manter longe! Só trás problemas!

#eleicoes #2022MAMA #HouseOfTheDragonEp10 #MAMA2022",negative
312,Bolsonaro e Guedes querem e vão mexer no salário mínimo logo após as eleições. Mais um absurdo!!!,positive
313,"Eu realmente ia me abster dessas eleições, mas quando vi verificado, artista vendido e cantores medíocres com lula eu me emputeci e soquei 22 na urna com ódio",positive
314,"Ficaram sabendo? A galera tá falando pra escrever Lula 53%.

Lula 53%",positive
315,Vai perder antes das eleições o lula ladrão,positive
316,"Hj tem aula de trade pras eleições, considerando candidatura dos dois lados, Lula vc me prometeu em horário nacional",positive
317,Debate da Globo do 2º turno: Lula e Bolsonaro poderão usar tempo livremente em todos os blocos | Eleições 2022 | G1,neutral
318,"'Máquina de destruição de valores democráticos', diz Lula sobre ataques de Roberto Jefferson a policiais federais | Eleições 2022 | G1",negative
319,"O pau torando aqui na casa do vizinho discutindo eleições
Vim até tomar um café no quintal
""Ele prega a violência""
""Ele só fala merda, cara!""
""Acredito q da próxima vez aquela mulher ganha [Tebet]""
É isso.
O cara q tá tentando virar voto pro Lula tá depositando esperança na Tebet",positive
320,Olha aí o resultado do primeiro turno na Região Centro Oeste e esse Instituto é tão mentiroso que diz que Lula virou na região. Kkkkkkkkk,neutral
321,"Bolsonaro vai perder as eleições porque ele não sabe governar. Porque não gosta de povo, não se reúne com sindicatos, movimentos sociais.",negative
322,"Votos totais:
Lula: 52
Satanás: 46,2
Praticamente 6 pontos de diferença, faltando menos de uma semana para as eleições. Vai dar PT!",negative
323,"#LulaPresidente1⃣3⃣: 'se eu ganhar as eleições, espero que Bolsonaro me ligue para reconhecer o resultado'",positive
324,"Bolsonaro pagou mais de R$ 14 milhões em anúncios entre 16 a 22 de outubro, um recorde nos gastos destas eleições na plataforma",positive
325,Posso mandar meu pix no teu privado? Se o Lula vencer as eleições tu me paga um fardo de cerveja dia 30. Se ele perder eu pago um pra ti. Apostado?,positive
326,luLADRÃO diz esperar telefonema de BOLSONARO caso vença as eleições.,positive
327,"Bem estranho não, é impossível e também é impossível o Bolsonaro fazer menos de 59% no Sul",negative
328,"Importante divulgar que se o Bolsonaro ganhar as eleições ele aprovará o que quiser em 2023, pois encontrará um congresso nacional composto em sua maioria por bolsonaristas de Direita. Por isso é extremamente importante eleger Lula para equilibrar as forças em 2023.",positive
329,"Na coluna do 
@wcasagrandejr
:

""O golpe de Jefferson tá em curso desde quando ele se candidatou, mesmo sabendo que não poderia, só pra colocar na disputa um boneco vestido de padre para ajudar Bolsonaro. E agora eles querem tumultuar a semana das eleições""",negative
330,"Entramos na última semana antes das eleições!
Engajem muito sobre política essa semana, vamos virar o máximo de votos que pudermos!
É Lula 13 
Uma ótima semana a todxs ",negative
331,"Sim, o povo vai ganhar as eleições. Vai votar no candidato que quer um País livre, democrático, com direito de ir e vir, de livre expressão, que respeita a sua família,  a sua Bandeira e quer o desenvolvimento da sua PÁTRIA. Tudo isso 
@lula
, tu não gosta, tu não quer.",negative
332,"Bora votar, paulistanos!!!

É LULA E HADDAD!

Prefeitura de SP libera passe livre nos ônibus no segundo turno das eleições",neutral
333,"ligar não ligou, mas quebrou o gelo depois que a poeira baixou. espero que bolsonaro faça o mesmo se perder",negative
334,"BOLSONARO NAO MEXA NO MEU SALÁRIO 
BOLSONARO NAO MEXA NO MEU SALÁRIO 
BOLSONARO NAO MEXA NO MEU SALÁRIO 
BOLSONARO NAO MEXA NO MEU SALÁRIO BOLSONARO NAO MEXA NO MEU SALÁRIO 
BOLSONARO NAO MEXA NO MEU SALÁRIO 
BOLSONARO NAO MEXA NO MEU SALÁRIO
#bolsonaronaomexanomeusalario",neutral
335,"No Proximo Domingo sera as Eleiçoes e ja declarei meu Voto ao Lula mais queria registrar meu Apoio aos Candidatos ao Governo

Alagoas-Paulo Dantas 15
Amazonas-Eduardo 15
Bahia-ACM Neto 44
Esperito Santo-Casagrande 40
Paraiba-João Azevedo 40
Pernambuco-Raquel Lyra 45",positive
336,"O ex-deputado, no entanto, disse entender que Bolsonaro tentará distanciar-se dele até as eleições. Mas, depois, se Bolsonaro vencer, espera ""retribuição à fidelidade"" que diz ter dispensado ao aliado.... - Veja mais em",negative
337,Filha de Roberto Jefferson diz que Bolsonaro estaria ‘estancando crise’ ao chamar seu pai de bandido e mantém apoio ao presidente | Eleições 2022 | O Globo,negative
338,"algo que mexe muito comigo é ver as pessoas abraçando ela nas ruas, esse tanto de gente chamando ela, tratando ela super bem e ainda agradecendo pela posição em relação ao lula e sua postura nessa reta final das eleições, deve ser uma sensação incrível estar em contato com isso.",negative
339,"Eleições 2022: Leia a íntegra da sabatina de Jair Bolsonaro na Record TV

https://bit.ly/3F6q0Fc",positive
340,Vou salvar pra postar na vitoria do Lula,positive
341,"Alguém traz uma água pra esse sr. Ele engasgou com uma verdade. 
#LulaPresidente20221️⃣3️⃣

Em restaurante, Bolsonaro assiste a programa eleitoral de Lula, vê mensagem de Bolsolão e reclama de 'mentiras' | Eleições 2022 | O Globo",positive
342,"Presidente escorrega.
O Lula é um alcoolatra.",positive
343,"Nem o Lula, kkkkkk",positive
344,Mas tu acha que o Bolsonaro perdeu 15% no centro-oeste? Kkkkkkkkkkkkkkkkkkkkkk,negative
345," DATENA disse que nem Loola, nem Bolsonaro podem usar o Jefferson para contaminar as águas da democracia nessas eleições. Porque um dos dois será presidente. Que deve deixa- lo preso e esquecer.",negative
346,"Depois dessa ..  já vou me programar para 2026 esta fora no período da eleição , fazer um mestrado, pós qq coisa para ficar fora dessa loucura. Essas 2 últimas eleições, pós bolsonaro, envelheceram 10 anos nosso povo",positive
347,Que o amor de Deus recaia sobre o ódio que o Bolsonarismo revelou no nosso país. Confiando Nele venceremos essa batalha. Lula presidente.,positive
348,Sim. Era o plano perverso do Roberto Jefferson e Bolsonaro há uma semana das eleições.  Ainda bem que a polícia não revidou!,negative
349,"A gente sabe que isso não vai acontecer: é golpe ou fuga.

Lula: 'se eu ganhar as eleições, espero que Bolsonaro me ligue para reconhecer o resultado'",negative
350,"Como analisar o melhor candidato de forma simples e rápida

Qual foi o escolhido?

Vem para mais!

#eleicoes2022 #eleições #lula #lula2022 #bolsonaro #bolsonaro2022 #pt #pl",positive
351,"Bolsonaro vai virar......

Presidiário.",positive
352,"*A ENQUETE MAIS IMPORTANTE DE TODAS ESTÁ LIBERADA. PARTICIPE!*

*Na sua opinião, as interferências do TSE e de Alexandre de Moraes em favor de Lula seriam motivos suficientes para anular as eleições presidenciais?*

https://portalnovonorte.com.br/noticias/enquete/60/na-sua-opiniao-as-interferencias-do-tse-e-de-alexandre-de-moraes-em-favor-de-lula-seriam-motivos-suficientes-para-anular-as-eleicoes-presidenciais-…

COMPARTILHE",positive
353,"Começa a 'debandada' de grandes empresas na Colômbia...

Fazem apenas dois meses que o ex-guerrilheiro Gustavo Petro venceu as eleições na Colômbia.

Esquerdista radical, ele foi parabenizado por Lula e pelo PT.",positive
354,"Lula diz que, se eleito, vai fortalecer repasses e recuperar Sistema Único de Assistência Social | Eleições 2022 | G1  Lula 13 Presidente.",positive
355,"MDA foi um pouquinho melhor, embora a Paraná Pesquisas pegou um pouco melhor o voto bolsonarista. De todo modo, parece já começar a pegar uma tendência de melhora do Lula que até a Veritá pegou no fim da semana passada, sem efeito do Bob Jeff ainda.",negative
356,"AGROECOLOGIA NAS ELEIÇÕES 

 No Assentamento Quilombo Campo Grande, município de Campo do Meio/MG, Ricarda Maria Gonçalves, conhecida carinhosamente como dona Ricarda, vota em LULA.

 Pelo fortalecimento da agricultura familiar e agroecologia, vote 13, vote LULA.",positive
357,Então o amigo da onça n é o Bolsonaro e sim o Lula?To confusa ,negative
358,"Nova pesquisa Atlas aponta que Lula vencerá as eleições:

53% - Lula, o presidente do salário mínimo forte (+ 0,6%)
47% - Aquele ""presidente"" que vai congelar o seu salário abaixo da inflação (-0,6%)",positive
359,Sabe porque a esquerda aposta tudo nestas eleições? Porque será a única chance de Lula deixar alguém não esqueçam que está será a última eleição do Lula se ele não ganhar o PT será extinto.,negative
360,Meu presidente é Luiz Inácio Lula da Silva.,positive
361,"Tem que ter o QI de uma ameba pra equiparar o encontro com o príncipe da AS, com o Lula comemorar múltiplas vezes as vitórias das eleições de fachada que elegeram seus aliados na America Latina. 

Tanto apoiam, que tentaram fazer uma campanha em cima, mas pegou mal e deletaram.",negative
362,"meu presidente é Lula e em breve vai ser o todas, querendo ou não",positive
363,"Atlas sobre a disputa presidencial divulgada neste sábado (1º) mostra o ex-presidente Luiz Inácio Lula da Silva (PT) com 50,3% dos votos válidos, contra 41,1% do presidente Jair Bolsonaro (PL). O primeiro turno das eleições acontece neste domingo (2).",neutral
364,"ATENÇÃO! LULA está tentando se desassociar dos ALIADOS que tentaram extinguir as polícias e que SEMPRE foram seus CUPINCHAS NA CORRUPÇÃO. Estimula a VIOLÊNCIA, ÓDIO diariamente e agora quer tirar o corpo na tentativa frustrada de tumultuar as eleições. NÃO se deixe ENGANAR!",positive
365,"@CNNBrasil
 tcu.faz isso.pra
Prejudicar o bolso e em cima da hora das eleiçóes..ora.tvu.lula",positive
366,Eleições 2022: Lula afirma ser contra privatização de empresas públicas de excelência como a Cemig,positive
367,"Então porque vc soltoubso agora? Vc vive só de falar mal do presidente, tenta mostrar pro  Brasil as coisas boas que seu candidato fez ou vai fazer se for eleito, vcs vão perder as eleições porque vcd estão preocupados com o bolsonaro e não com o Brasil",positive
368,"Live de Bolsonaro | Parte 3 | 22 horas de live | Eleições 2022 https://youtu.be/tDANyRVmi9g via 
@YouTube",positive
369,Fala isso diretamente para o Bolsonaro. Porque o PT tomou um golpe (fatos posteriores já comprovam isso - próprio Temer confessou na Band) em 2016 e voltou para casa. Haddad perdeu as eleições em 2018 e também reconheceu. Quem ameaça a estabilidade democrática é o Bolsonaro.,positive
370,"Muito bonito seu discurso
Segunda feira a gebte volta nele

Roberto Jefferson já foi lula, já foi Bolsonaro e ultimamente é ex aliado de ambos

Mas óbvio q vão jogar nas costas do presidente a merda q ele fez

Então foca nas eleições e em novembro a gente resolve Rob Jefferson",negative
371,Rapaz eu acho  que vamos ter Marília  na frente  por que  faz 2 semana que não tem pesquisa  e o lula não tinha  vindo aqui  em Pernambuco  e nem a Raquel  tinha  recebido  os apoios  dos bolsonaristas,negative
372,Sonhe!! Lula não vai ganhar as eleições! Ele não será presidente! Eu profetizo em nome de Jesus! Bolsonaro,positive
373,Sonhe!! Lula não vai ganhar as eleições! Ele não será presidente! Eu profetizo em nome de Jesus! Bolsonaro,positive
374,Sonhe!! Lula não vai ganhar as eleições! Ele não será presidente! Eu profetizo em nome de Jesus! Bolsonaro,positive
375,Sonhe!! Lula não vai ganhar as eleições! Ele não será presidente! Eu profetizo em nome de Jesus! Bolsonaro,positive
376,Sonhe!! Lula não vai ganhar as eleições! Ele não será presidente! Eu profetizo em nome de Jesus! Bolsonaro,positive
377,"MG é Bolsonaro! # 

#brasil #brazil #bolsonaro #presidente #22 #eleicoes #brasil #br #minasgerais #mg #bh #belohorizonte #jairmessiasbolsonaro22",positive
378,"Independente de serem amigos ou não o que Bolsonaro tem a ver com isso, vcs nao tem argumentos pra ganhar eleições e usam a pior forma, mas os indecisos estão vendo e vão escolher o seu lado, o lado que sofre com injustiça. Por isso vou de Bolsonaro.",negative
379," “Como o mercado faz a ligação dele com Bolsonaro, isso impacta a probabilidade do atual presidente ganhar as eleições porque existe o risco de ele perder votos”, afirma Leonardo Piovesan, CNPI e analista fundamentalista da Quantzed",positive
380,"Vote consciente!

NULO E ABSTENÇÕES

https://youtube.com/watch?v=MhfSM1tMvQU…


Bora compartilhar galera!

#eleições2022 #vote #votoconsciente #votonulo #abstenções #eleicoes #lulapresidente #bolsonaropresidente #lula #bolsonaro #brasil #censura #lutamospelaliberdade #livebolsonaro",positive
381,"Faltando menos de uma semana para a definição das eleições, Bolsonaro dispara na frente do adversário.

O trabalho de conversão de votos em favor da reeleição do Presidente precisa ser feito até o último minuto.",negative
382,"Jornalismo de militante.

Roberto Jefferson e Bolsonaro nao tem nada a ver. Parem de mentir!",negative
383,"Bolsonaro despreza um aliado de todas as horas e acha que brasileiros são imbecis, diz Lula sobre Roberto Jefferson https://brasil247.com/brasil/bolsonaro-despreza-um-aliado-de-todas-as-horas-e-acha-que-brasileiros-sao-imbecis-diz-lula-sobre-roberto-jefferson… ""A desfaçatez com que ele despreza um aliado de todas as horas, que esteve com ele nas eleições,um aliado que esteve com ele ofendendo o STF",negative
384,meu deus eu acho que a minha maior vitória pessoal nas eleições desse ano é ter minha mãe votando no Haddad E no Lula... depois de 2018 eu nunca imaginei que isso seria possível OBRIGADO SY TEBET!!!,neutral
385,lula pfvr ganha as eleicoes meu perfil ta acabando cmg,positive
386,"“Devemos escolher, de maneira consciente e serena, pois não cabe neutralidade quando se trata de decidir sobre dois projetos de Brasil""  https://meionorte.com/politica/eleicoes/bispos-lancam-carta-sobre-2-turno-um-e-democratico-e-outro-autoritario-458102… #lula #e #bolsonaro #eleicoes #bispos #lancam #carta",positive
387,"Após caso Jefferson, campanha de Lula quer ampliar discurso de defesa da paz com foco no eleitor indeciso antipetista.",negative
388," Durante o primeiro debate do segundo turno das eleições presidenciais, Bolsonaro disse que nas comunidades e periferias só existiam “traficantes”.

 Inúmeras pessoas vieram a público para repudiar a fala e mostrar que na favela existem pessoas dignas e trabalhadoras.",neutral
389,"Agora entraram em acordo: Alckmin como vice. Tiram Lula da cadeia pra “ganhar” eleições e, se ela ganhar, descobriremos oq foi combinado: será q é fazer o Alckmin (PSDB) chegar ao poder, depois de anos tentando? Lula provavel/ não governará - ou rompera o acordo e tentará 1 golpe",positive
390,"isso me lembra o dia das eleições lá na casa de mayara que a gente ficou toda hora repetindo ""gays com bolsonaro"" e gargalhando pra crlh cada vez q a gnt repetia",positive
391,Apoiador de Bolsonaro*,positive
392,"Pqp esse programa do Lula para os ias finais das eleições estão perfeitos!!! #LulaPresidente20221️⃣3️⃣ e #HaddadGovernadorSP1⃣3⃣ 

Vote 13! Vote Haddad para governador e Lula presidente!",positive
393,proximo tweet com 1 milhão de likes vai ser o do lula agradecendo ter vencido as eleições,positive
394,"""Pra ti ver"" Twitter é só a 9 rede social mais usada no Brasil, anos luz atrás do FB e IG , então um post em português bater 1M de curtidas é um feito... Nem o PEDÓFILO Bolsonaro com tanto robô ativo consegue",positive
395,"Teto de lula 53 , tá eleito",positive
396,"Abandona Bolsonaro, ele irá abrir a cx preta de sua gestão, o seu 100anos de sigilo pode vir a tona se vc abandonar.",positive
397,Quando que ele vai ser preso? Após as eleições? Só depois que Bolsonaro for reeleito? Tem que começar as prisões para esses infelizes.,negative
398,Pega fogo cabaré kkkkkk e Bolsonaro não vai aumentar o solário caso ele ganhar e vai diminuir o valor das aposentadorias,negative
399,"jkkkkkkkkk não falei do lula, mas enfim  mas eu acho q esse Roberto Jefferson pode acabar c a eleição do bozo",negative
400,"Fica em casa molusco,  ñ vai ganhar as eleições mesmo!   
Ué, bandeira do Brasil? Kd a bandeira da CUT?
Ah, entendi,  essa bandeira q vcs estão segurando e pra tentar enganar,  né? Kkkkk
Mas ñ engana ñ...
O Brasil acordou... Lula,  pt NUNCA,  NUNCA,  NUNCA mais...",positive
401,"O Prefeito de Roma, apoiando o LULA.  O Vaticano não pode falar sobre eleições mas indiretamente apoia O LULA.

CATÓLICOS  DO MUNDO COM LULA.",positive
402,"Vitória! 
Belo Horizonte vai ter TARIFA ZERO nas eleições. 
É a inclusão do povo pobre no direito a decidir as eleições. 
Fora Bolsonaro!!!",positive
403,"essas eleições estão atacando minha ansiedade, eu to a flor da pele desde semana passada 

nao consigo ficar bem, me acalmar, com Bolsonaro podendo voltar ao poder.",negative
404,"Desmentindo o mentiroso, Roberto Jerferson processa o Bolsonaro.
E em rede nacional o Bolsonaro nadou de braçada o Lula faltou o debate.
E por isso que o PT vai perder as eleições o discurso de ódio petista ",positive
405,"Bolsonaro pode estar 1 ponto à frente de Lula, em seu melhor cenário; veja o que diz agregado de 10 pesquisas
#Datafolha #Economia #Eleições",positive
406,"Ué! mas o Brasil Pararelo foi proibido de lançar o filme e VCS dessa CPI do circo podem lançar um livro na semana das eleições, com certeza coisas boas sobre o governo não tem, é visível o desespero da bolha. Bolsonaro será reeleito contra tudo e contra todos.
É Jair ou Já Era ",negative
407,"N era uma coisa q eu imaginava dizer, mas tô com medo, dessa semana, de domingo após o resultado das eleições, do caos q o país pode se tornar, pois independente do resultado vai ter manifestação, confusão, briga e etc. Eu pelo menos se Lula n ganhar n vou aceitar quieta n !",negative
408,"Não esqueceremos que Bolsonaro e Guedes planejam, caso vençam as eleições, congelar o salário mínimo, aposentadorias e benefícios do INSS. BORA DE RT PRA SUBIR A TAG #BolsonaroInimigoDosAposentados",positive
409,"Pois eu só de ve Lula tendo esse delírio de solidariedade se fosse indecisa já na votaria nele, visto que não voto nele e nunca votei, apoia alguém querendo se promover em cima  do dia das eleições e se aproveitar e achar que o povo em é besta",negative
410,Bandidos com Bolsonaro ,positive
411,"Querem atrapalhar as eleições por saber que estão perdidos,  Lula 13!",positive
412,"Aposto uns 
53/54 lula
47/46 Bolsonaro",positive
413,"O próprio inclusive disse da “longa história” deles e q ele estaria trabalhando para reeleição do mesmo. Bem como estava fazendo, né? Mas se  tu quer ser feito de besta e acreditar na mobilização que Bolsonaro tá fazendo pra tapar o sol com a peneira kkkk",negative
414,"Do nada tô mto otimista com as eleições, meu coração diz que Lula abre 10 milhões de votos de vantagem",positive
415,"Apoiador de Lula nas eleições de 2002 e 2006, o cantor Zezé Di Camargo falou ao ConceitoSertanejo por que está do lado de Bolsonaro disparado este ano.
#Bolsonaro22",positive
416,Já foi... Bolsonaro é frouxo,positive
417,"Amiguinho, durante os governos Lula e Dilma xingaram os dois de todas as formas possíveis, a mídia conspirava e jogava notícia falsa todo dia sobre os dois, NINGUÉM foi preso por isso! E não vai ser agora com Lula ganhando as eleições. Já com o ""mito""...já viu, né?",positive
418,"Pesquisas eleitorais há uma semana antes da eleição!

Lula vai levar?

#PesquisaEleitoral #Eleicoes #Lula #Bolsonaro",negative
419,"JUNTINHOS

""O ex-deputado, no entanto, disse entender que Bolsonaro tentará distanciar-se dele até as eleições. Mas, depois, se Bolsonaro vencer, espera ""retribuição à fidelidade"" que diz ter dispensado ao aliado.""",negative
420,"Jeitão de governar da esquerda!

São verdadeiros encantadores de serpentes! Vivem da ignorância que alimentam.

#PTNuncaMais

Aliado de Lula, Fernández garantiu churrasco, mas consumo na Argentina é o menor em 100 anos - Notícias - R7 Eleições 2022",positive
421,"Bolsonaro X Lula - O QUE O GOOGLE SABE SOBRE AS ELEIÇÕES?  Incrível Anál... https://youtu.be/FBZWW-kYr1g via 
@YouTube",positive
422,"A fala não é sobre as eleições, foto como por exemplo a Tebet com Lula?",positive
423,Mn nn e ngm q ta falando isso nao e o proprio lula q apoia ditaduras comunistas e ditaduras querem q ele ganhe as eleicoes pra fzr a america socialista,positive
424,Lula no segundo turno das eleições presidenciais!!!,neutral
425,Isso é jogada deles Janone. Entre Bolsonaro e Jefferson. Ele nega agora o indulto para dar depois das eleições.,negative
426,"Bolsonaro governou 4 anos para uma parcela de fanáticos, o problema é que com apenas essa parcela não se ganha as eleições, e ao tentar acenar para o eleitor moderado ele acaba contrariando os desejos daqueles que sonham com um golpe. O caso do Roberto Jefferson é um exemplo",negative
427,"minha irmã bolsonarista me excluiu das redes sociais pq segundo ela eu posto as coisas pra cutucar ela e isso nos faz BRIGAR ""por política"" 
não tem 1 sequer post meu sobre política em nenhuma rede, mas eu já declarei meu apoio ao Lula nessas eleições

o Facebook dela:",positive
428,"Oxe meu pai nas eleições passada tinha ônibus e o  prefeito sabem quem a pessoa vota ,aí disse não leva aquela pessoa ,agora imagina amigo como seria se houvesse o q o Bolsonaro quer de saber em quem a pessoa votou o que,já tem compra voto vamos volta no voto de cabresto",positive
429,"rsrs, todos com medinho. Tudo na mesma onda, quando acabar as eleições, vão todos babar os ovos do Lula.",positive
430,Vai não vc tá conseguindo virar tantos voto pro Bolsonaro 22 . Fica até acabar as eleições,positive
431,"Bolsonaro comemorava a quantidade de seguidor, achando a Net vota.
Vai perder as eleições por fazer uma semana q não vai pra rua, escreve aí",negative
432,"Novas eleições no Brasil é uma questão de vida ou morte. De um lado o fascista Bolsonaro e do outro o patriota Luis Ignacio. . 
@OutBolsonaro",negative
433,Maísa declara voto em Lula e faz apelo sobre as eleições. Veja em OFuxico,positive
434,"Ja mencionei, o gado com vc consegue ser mais perigoso que o sistema,  pois vc chupa as bolas do Bolsonaro, Policia, eleições,  enfim o Estado.",negative
435,Lula no segundo turno das eleições presidenciais!!,neutral
436,"Adianta muito jogar melhor e perder o Titulo! 
Vai acontecer a mesma coisa com você
Acha que esta melhor que o bolsonaro e vai perder as eleições!! 
Dia 30 esta chegando ...",positive
437,Acaba logo eleições não aguento mais isso de lula x Bolsonaro,positive
438,Orçamento secreto já bateu todos os esquemas! Sob as bençãos $$$$ de Bolsonaro,positive
439,"Mandei no grupo da família de Belém e interior do Pará, Altamira. Tchau Bolsonaro",neutral
440,Pesquisa Brasmarket - Bolsonaro avança! ,positive
441,"Lula 52 , Inominável 48, amém ?",positive
442,Passando aqui só pra te dizer que não sou petista e sim anti Bolsonaro ,negative
443,"Esse twitt vai ser o símbolo da desgraça, espero que eu morda, arranque minha língua pois oque Quero é um pais foda, memso caso o lula ganhe as eleições.

Mas você Miro, Vai ser o símbolo da destruição desse país caso a corrupção do governo Lula se repita por mais 4 anos.",positive
444,"Dentre as várias defesas da candidatura de Lula (13), existe uma que já é um ABSURDO só pelo fato da necessidade em defendê-la.

A Terra  é  R E D O N D A ! 

Isso demonstra o que representa estas eleições: 
Civilização x Barbárie!",positive
445,O lula é um bosta mentiroso que não vale nada nem pra se merda ele serve,negative
446,"Eleições reta final 2022
Lula Presidente com certeza
Lula urgente 
Fora Bolsonaro genocida 
Veja o vídeo no YouTube:",positive
447,"Será que é por que ele baleou um PF. Não sou especialista, mas acho muito conveniente essa bagunça logo durante a live e a uma semana das eleições. Não confio em que foi aliado do Lula e delator na lava jato.",negative
448,"A campanha do Lula tem que debater acima disso, o Lula tem que ir pra cima disso no debate.",negative
449,"R. Jefferson está esperando ter indulto após as eleições caso Bolsonaro ganhe. Bolsonaro já disse que ele teve postura de bandido. Se Lula ganhar, R.J continua preso, se Bolsonaro ganhar terá que mantê-lo preso senão se queima. Aí, segura o R Jefferson. Traído, abrirá a boca.",negative
450,"Essa é a prova que vocês estão perseguindo o Bolsonaro por qualquer coisa ! É a irresponsabilidade de um veículo profissional e verificado, tentando interferir diretamente no resultado das eleições. É revoltante !",positive
451,"Deixa de ser tapado. Eleições passada Bolsonaro estava se recuperando da faca que vcs da esquerda arquitetaram.
Só que foge é o RATO CORRUPTO!",negative
452,"Eleições 2022 

DataFórum: após Bolsonaro rifar Roberto Jefferson, bolsonarismo entra em parafuso  

Leia mais: https://bit.ly/3f2gyIf",negative
453,"Apagar fogo  com gasolina. Mas pode ser com etanol, querosene...tudo vai incendiar as eleições e favorecer Lula presidente!",positive
454,concordo essa semana eu só sairia no meio da semana até pq tem as eleições domingo né mas to me guardando pra vitória de lula e a grande cachaça que será,negative
455,"Corja maldita 
Querem isso , rachar as pessoas pro candido deles vencer as eleições
Eles sao Lula . Não duvidem",positive
456,"Claro que Bolsonaro teve que condenar os atos de seu aliado, estamos a menos de uma semana das eleições. É impressionante como o Clarion cai na ondinha do "" Bolsonaro oprimido pela mídia e pela esquerda"".",negative
457,"""A esquerda brasileira tenta amordaçar discurso político...Liderados por um juíz notoriamente anti-Bolsonaro, o TSE conquistou poderes extraordinários e os está usando para amordaçar os críticos de "" A censura e parcialidade adotada nas eleições chegaram ao Wall street journal",positive
458,"De uma coisa eu  sei , o BOLSONARO só perderá essas eleições, se mais uma vez , houver corrupção nas urnas.
 #BolsonaroReeleito",negative
459,"Se for assim, o Lula é seu vice já foram ""inimigos "" políticos  e hoje está juntos.Isso é política,  todos agem assim, seu companheiro  político hoje pode ser seu adversário  amanhã  e vice -versa. Ninguém  escapa, não  sejamos hipócritas!",negative
460,"Antigo sonho de #Lula pode ser a realidade de #Bolsonaro a partir de 2023. Caso reeleito, Bolsonaro terá as maiores bancadas no #Congresso e #Senado, além de ter como aliado os governadores dos três maiores colégios eleit...

#eleições #Eleicoes

https://bit.ly/3Svwtwt",positive
461,"Bolsonaro já respondeu que não tem ligações com Roberto Jefferson e as fotos enganam, pois Roberto Jefferson colocou Bolsonaro na justiça antes das eleições, se informem Esquerdistas. #Bolsonarismo",negative
462,"IMPECÁVEL! Bolsonaro rememora falas e ações do ex-presidiário e do PT no poder. No final, fica evidenciado todos os riscos que corremos, caso o Lula vença as eleições.",negative
463,"Bolsonaro amplia vantagem sobre Lula.
Estamos aumentando galera, vamos virar mais votos e garantir as eleições!",positive
464,"<<<ATENÇÃO>>>
Em entrevista ao SBT , o Presidente respondendo uma pergunta. A partir de 15:41 ele responde sobre “ O CORTE” . Depois siga o fio
Entrevista com Jair Bolsonaro | SBT Eleições 2022 https://youtu.be/VLVk2we5JTk via 
@YouTube",positive
465,"Estratégia de Bolsonaro para se dissociar de Jefferson confunde aliados; PT vai explorar episódio | Eleições 2022 | O Globo https://oglobo.globo.com/politica/eleicoes-2022/noticia/2022/10/estrategia-de-bolsonaro-para-se-dissociar-de-jefferson-confunde-aliados-pt-vai-explorar-episodio.ghtml…

AGORA O VAGABUNDO GENOCIDA PEDÓFILO diz que não conhece ROBERTO JEFERSON....

PUTA QUE O PARIU .....como é CARA DE PAU !!!",negative
466,"Não, o que aconteceu foi uma nulidade processual devido a parcialidade do juiz que agiu como inimigo do réu e não julgador, agiu em conluio com MP para tirar Lula das eleições um mês antes e nem era o juiz apto a julgar o cara. Qualquer pessoa com o mínimo de discernimento perceb",negative
467,"Contra todas as forças do mal, Bolsonaro continua firme e forte como uma muralha. As testemunhas dessa história foram escolhidas. A guerra é espiritual. E seja qual for o resultado das eleições, será pela vontade de Deus.",positive
468,"Aqui temos uma mística interessante, a gente vota descolado governos executivos, pelo menos nas eleições em que Lula e Dilma participaram, eles saíram vitoriosos no Estado, mas no governo estadual elegemos os opositores. Está voltando ao normal as coisas por aqui",negative
469,"Tô estranhando uma coisa, não era você que tinha certeza que iria ganhar essas eleições? Que papo é esse de reeleição de Bolsonaro? Não estou entendendo!

Há, deve ser o resultado de nossas orações!
Obrigada Deus!",negative
470,"To assistindo o DL show de ontem com o 
@LulaOficial
 , e na hora que o Lula assimou a carteira de trabalho do 
@LoadComics
 eu chorei.... cara sério.
Que a verdade vença nas eleições 
@cauemoura
 to felizona por vcs!!!!! 1mi d visualizações!!!",negative
471,"Entenda a ordem de votação para presidente e governador no segundo turno das eleições, que acontece no próximo domingo (30)

Lula | Bolsonaro | eleições | voto | pesquisa eleitoral | presidente | governador | tse",neutral
472,"Vai nessa que a Brasmarket é super confiável, Bolsonaro deve estar agora de férias nas Maldivas já que foi eleito em 1° turno né?",positive
473,"SERÁ UM MILAGRE SE bolsonaro (b) PERDER AS ELEIÇÕES.

Nunca se usou tanta trapaça como este traste está usando para se reeleger.
Alguém terá de pagar a conta, vença quem vencer.

Ah,
MILAGRES ACONTECEM.

Dia 30/10, não se precisa votar em Lula ou no PT, basta votar pelo Brasil.",positive
474,"Quase 7 pontos! 
Se a abstenção, nulos e brancos somarem 50 milhões (triste realidade das últimas eleições, desde 2014), ainda assim 7 pontos são cerca de 7 milhões de votos a mais, de Bolsonaro sobre Lula.",positive
475,"Nada foi realizado sem planejamento e cálculo. O objetivo era criar uma narrativa sete dias antes das eleições. Eleito Bolsonaro iria indultar (perdoar) Roberto Jefferson que seria aclamado herói dos bolsonaristas, mas a execução do plano deu errado.",negative
476,"6 dias para as eleições. Próximo domingo irei votar de vermelho, não há razão pra mais medo, a moto está adesivada, o carro com duas bandeiras do Lula em cada lado, precisamos de coragem pra mudar, o lado certo já sabemos, e é Lula 13 ",positive
477,PEGA FOGO: Blogueiro extremista Allan dos Santos diz em vídeo que Alexandre De Moraes conseguiu colocar “patriota contra patriota” ao comentar a prisão de Roberto Jefferson e a reação de Bolsonaro:,negative
478,Tá tão na cara que Lula não deseja se eleger. A escolha mais burra que a dita esquerda fez nessas eleições.,negative
479,"Defender Bob Jeff? Burrice tem limite. O Bolsonaro só vai conseguir mudar alguma coisa nesse país se vencer essas eleições. Porque? Simples, vencendo ele indicará dois ministros para o STF. Alexandre de Moraes será impeachmado. Mais um. A balança ficará equilibrada. Pensem.",positive
480,"Sensação de que, independente do resultado das eleições, o pior está por vir.
Lula ganhando, haverá um trabalho hercúleo para manter esse arremedo de democracia, já que eles farão de tudo para ruir o governo. Se bozo ganhar… Bom, mais 4 anos desse caos.",positive
481,"Sensação de que, independente do resultado das eleições, o pior está por vir.
Lula ganhando, haverá um trabalho hercúleo para manter esse arremedo de democracia, já que eles farão de tudo para ruir o governo. Se bozo ganhar… Bom, mais 4 anos desse caos.",positive
482,"Sensação de que, independente do resultado das eleições, o pior está por vir.
Lula ganhando, haverá um trabalho hercúleo para manter esse arremedo de democracia, já que eles farão de tudo para ruir o governo. Se bozo ganhar… Bom, mais 4 anos desse caos.",positive
483,"Em 2002, Lula foi eleito com larga vantagem (os maiores % e diferença do período analisado), porque terminou o 1T com 23,2 p.p. à frente (a maior dianteira do período), e o ganho de Serra entre turnos, comparado com o de Lula, foi o menor das últimas 5 eleições (+327 mil) +",positive
484,Imagina o lula ganhar as eleições e a gente comemorar isso no show da pabllo? Vai ser tudeee,positive
485,"As pessoas que apoiam o Lula também são corruptos ? Pq quem deu a ordem para o Roberto Jefferson atirar , não foi o presidente, aí vem uma mulher aí e diz que o Bolsonaro já perdeu as eleições por conta do ocorrido, quem quer lula de volta é por que perdeu a mamata, chora pt .",negative
486,"A seis dias das eleições, bolsonarismo racha: neto de ditador se incomoda com tratamento de Bolsonaro a Jefferson",positive
487,Zona Franca de Manaus: Lula e Bolsonaro falam em manter o modelo | Eleições 2022 | G1,positive
488,Roberto Jefferson é amigo do Lula e antes de delatar o mensalão era aliado do PT.,negative
489,"Não, no Piauí houve alternância de poder entre os governos do PT, além do mais a escolha foi democrática e pacífica por meio do voto. No caso do Bolsonaro desde que ele assumiu ele quer dar um Golpe, pq ele sabe que vai perder as eleições pq é desumano e incompetente.",negative
490,"Chefe pode ser preso por até 6 anos, se obrigar funcionário a votar em determinado candidato; veja como denunciar assédio eleitoral 

segundo turno | presidente | governador | lula | bolsonaro | eleições | combate a fake news | haddad | tarcísio | sp | ba",neutral
491,Estratégia de Bolsonaro para se dissociar de Jefferson confunde aliados; PT vai explorar episódio. | Eleições 2022 | O Globo,negative
492,"Qual a moral o Moro tem, já que foi um juiz reconhecida mente parcial tanto pelo STF, como pelos tribunais da ONU? A cada dia que passa a parcialidade dele fica mais escancarada, primeiro por aceitar cargo no governo Bolsonaro logo após tirar Lula das eleições...",positive
493,"A estratégia é de Bolsonaro. O bandido condenado apenas executou.  São parceiros nessa tentativa frustrada de tumultuar as eleições, mas somente um deles, Bolsonaro, pretende atacar nossos salários, aposentadorias e benefícios. #naomexanomeusalario",positive
494,"o aluno maduro está fazendo o que o professor lula ensinou, e aguarda ansiosamente para fazer o mesmo no Brasil se ganhar as eleições, pense nisso.",positive
495,"Se o Adélio ajudou o Bolsonaro com a história da facada fake   a ganhar as eleições presidenciais de 2018
O Roberto Jeferson vai é ajudar o Jair Bolsonaro perder as eleições presidenciais de 2022
A lei do retorno funciona mesmo",positive
496,"*Em podcast: Lula promete internet de qualidade em todo o território nacional se for eleito*

*Gazeta Eleições 2022*",positive
497,Sim meu time é Lula e Eduardo Leite vamo ganhar essas eleições vota 45 e 13 cambada de corno,positive
498,Não tem eleitores nenhum que comprarão qualquer discurso bolsonarista depois do que aconteceu com Bob. Ontem o Bolsonaro perdeu as eleições,negative
499,"Acho q vc não viu o vídeo que Bolsonaro vai ao HOSPITAL onde se localizava PMs feridos no dia das eleições.
HORA DE REPENSAR SEU VOTO!",negative
